trial,model,window,dept_id,MASE,RMSSE,sMAPE,MAE,RMSE,MAPE,ME,MPE,WQL,CRPS,PICP80,MIS80,WIDTH80
classical,WeightedEnsemble,1,CARDIOLOGY,0.640097587029359,0.5625229964395799,23.961416728055585,6.890952850592937,7.889030623839403,22.643923101143272,1.6731910060742277,5.687531604734382,0.15227241824349078,5.1120026124600475,0.9285714285714286,30.057332916070358,29.018984900288405
classical,WeightedEnsemble,1,ELECTIVE_SURGERY,1.0115496465249998,0.9474433372391299,33.54251349120617,8.85682556957394,12.077317887653464,36.70414942672176,8.23728171968065,0.18969405675268503,0.23291237211865845,7.536378897839449,0.6071428571428571,46.77146888937803,24.427295995702345
classical,WeightedEnsemble,1,EMERGENCY,0.39751512915443943,0.37150270067539215,12.11167107638864,11.814529457485852,14.597283148651512,12.70207239730086,-1.2782893447820294,-3.608087787579053,0.11177130415467082,11.077334608186126,1.0,85.71095113485502,85.71095113485502
classical,WeightedEnsemble,1,ONCOLOGY,0.6936322021828195,0.6497647209044075,25.088726194056367,4.67618061167549,6.160006263940926,27.851963127904266,0.9562806717551683,-10.34720021357187,0.19130710718000407,3.8466393336550815,0.7857142857142857,21.554643295514502,17.82531835573038
classical,WeightedEnsemble,1,ORTHOPEDICS,1.0463590401439091,0.9532213184688031,22.884789669582496,8.68784753526653,10.606766663413158,25.9494252018932,-0.5759894040649556,-11.675242818224678,0.16678136954273237,6.689124214160301,0.7857142857142857,38.05809150345416,26.03429226956888
classical,WeightedEnsemble,1,PEDIATRICS,0.5499017726436766,0.4827246389160396,37.496515549782465,7.3953130900809745,8.769157396088158,30.0818076687285,7.0748335043013055,27.901711376045974,0.25714893230152025,5.840954319420246,1.0,38.20838738586879,38.20838738586879
classical,WeightedEnsemble,2,CARDIOLOGY,0.617967589717706,0.6057434118369088,20.16817217508375,6.629639653230733,8.467655042632295,20.25556122388871,0.5933068219548042,-0.8046978933257257,0.16003432452917193,5.286848221053003,0.9642857142857143,32.1297432543761,28.992620202200296
classical,WeightedEnsemble,2,ELECTIVE_SURGERY,1.1288906734024635,1.002552876429697,52.2797762085115,9.830508456267607,12.696092949686616,59.70011269838287,2.6150187857056255,-34.260247698814695,0.26569387679525275,7.961327236829181,0.6785714285714286,49.36750072564668,24.5971515617676
classical,WeightedEnsemble,2,EMERGENCY,0.9655394768533585,0.904383765524945,25.427965108552282,28.288577043657302,35.12430526988406,21.982148376417662,25.44417524973311,18.354946973253245,0.18199036532343293,21.455364140451863,0.8214285714285714,122.14636745133828,83.49135803183287
classical,WeightedEnsemble,2,ONCOLOGY,0.8497410223809737,0.8041492378383024,40.55903122028686,5.686728380549593,7.587406506493402,46.538420366819715,1.3112770987582862,-22.582004901607995,0.22426652801008493,4.645520937351758,0.7142857142857143,29.02798802037673,17.754158118943273
classical,WeightedEnsemble,2,ORTHOPEDICS,1.2732429416188127,1.1305037611105129,30.18163944772378,10.752127433227782,12.755395888495219,38.36216980604399,-8.353242344507182,-34.4869678313113,0.23633634444425874,8.111400964676168,0.6428571428571429,44.76606540644307,26.67749580208201
classical,WeightedEnsemble,2,PEDIATRICS,0.5271049368183325,0.5601097471828477,24.376119585956573,6.957896252395416,10.038781160567984,22.26603474706441,4.611097172367926,8.365518513842156,0.22570993242609927,6.360183453006869,0.9285714285714286,42.73496030162311,38.61995866749428
classical,WeightedEnsemble,3,CARDIOLOGY,0.5932127622736723,0.6510017512078299,19.608902567888755,6.332257827791329,9.064271130387135,21.515797548820757,3.1968064596430827,-0.5360398572384201,0.1510306782261251,5.566559283191467,0.8571428571428571,34.44083450822728,29.026434477488973
classical,WeightedEnsemble,3,ELECTIVE_SURGERY,0.673007933487959,0.6995253340276377,37.08437309871993,5.9034575127858835,8.93253976795845,48.44900313761772,3.572592409553921,-27.849461767342316,0.15828959149726596,5.087879726697834,0.8214285714285714,33.82003763133812,24.88212551466742
classical,WeightedEnsemble,3,EMERGENCY,0.5416915101713725,0.5442667212379564,12.594665446873728,15.858753598190143,21.09587272076146,12.387239491597066,4.582808351189706,1.0230467587902914,0.11111793533805486,13.8937104149475,0.9285714285714286,94.07535683201915,86.29929060566744
classical,WeightedEnsemble,3,ONCOLOGY,0.7322090862791353,0.6881507059437292,31.806025050548154,4.941849247619875,6.545276803317893,40.520361659382495,1.4311225889169312,-18.521330944797455,0.185873468404826,3.9498112036025534,0.8928571428571429,23.754875207837127,17.8367762541328
classical,WeightedEnsemble,3,ORTHOPEDICS,0.8629059148246201,0.7944314122481275,26.096150122371675,7.322776806357139,9.022934761668404,30.368484133227852,0.18483645906111804,-11.86186417562047,0.16442109461610369,5.543339761342924,0.8214285714285714,32.71522112293171,25.317570045399396
classical,WeightedEnsemble,3,PEDIATRICS,0.6939745204980442,0.667865115700697,25.949584100193984,9.098382428924717,11.88147476785529,25.706342497990846,4.625817728758286,3.3473422699724087,0.19619255170004143,7.189055644437232,0.9642857142857143,46.026666740832475,39.43428738444265
classical,WeightedEnsemble,4,CARDIOLOGY,0.9422435735503644,0.9589628938565375,27.83809750244675,10.025284111416962,13.313062689643946,33.286829187556265,2.626150297158032,-13.364743285810238,0.189959295409446,7.829036675089311,0.8214285714285714,47.84188318024364,29.723103214129875
classical,WeightedEnsemble,4,ELECTIVE_SURGERY,0.780659814179934,0.8010149702342333,39.62040411382887,6.816208825302409,10.171589374008718,57.52102636470872,-2.3806239973887258,-48.37673827945741,0.20422029786926774,5.747342668606535,0.7857142857142857,37.899484994986764,24.912605357892044
classical,WeightedEnsemble,4,EMERGENCY,1.0443696416012058,1.0082196222783713,19.991460792932212,30.250348524389153,38.73466356191015,17.581255907890473,26.09247593688661,13.854960837423762,0.15837994287797727,24.560203999149188,0.6428571428571429,144.07619426955492,86.46776771411196
classical,WeightedEnsemble,4,ONCOLOGY,0.9276336909104239,0.8444254456976725,33.40884625818647,6.269142317078208,8.019775019327112,40.70659480303085,-0.4193441979359086,-21.33174787750816,0.25824050869037524,5.09102717132454,0.6071428571428571,28.167067080341802,17.83838919727557
classical,WeightedEnsemble,4,ORTHOPEDICS,0.7928980469883549,0.7825885648751633,26.807011362636413,6.81418948441634,8.967402916280133,34.87266448386489,-5.353520316535437,-27.267092545897505,0.20416924555681387,5.4323602835652265,0.8214285714285714,33.21022448124589,24.970495197045818
classical,WeightedEnsemble,4,PEDIATRICS,0.9840677391390726,0.9638501785655889,26.167429691367904,12.85750595287081,17.057616230331533,22.302085829801594,11.07920417306345,17.079782455702862,0.20573310370401263,10.279307574354059,0.75,62.31813815488785,40.47476544913063
classical,WeightedEnsemble,5,CARDIOLOGY,0.8306289373204484,0.8576932816063687,20.036374958823046,8.897298346031715,12.044981643076632,20.33193625022549,1.6827811917216804,-0.9476922138476673,0.16766881392653166,7.113948248025699,0.8214285714285714,43.62952778885869,30.28974369923854
classical,WeightedEnsemble,5,ELECTIVE_SURGERY,1.1608806553599456,1.051319627494393,66.15903849962078,10.142253547554219,13.438841374807305,82.37311542035326,-5.690406343372454,-72.92543503543459,0.3469015367979225,8.35041556434999,0.5714285714285714,52.677416096793685,24.92233089727005
classical,WeightedEnsemble,5,EMERGENCY,1.5996914034052612,1.3812985056862594,26.07131168456331,46.668247950649516,53.27759892740275,22.75261042576559,44.04616575196922,20.420779201821087,0.1848401701864811,35.911804493373474,0.5,206.9667834654245,89.2499061194145
classical,WeightedEnsemble,5,ONCOLOGY,0.9602082819038105,0.9262870429403066,41.21541652046983,6.52532636879453,8.863667368612672,67.13015865797144,-4.829868400929896,-58.28672624430863,0.34489081907404134,5.358125224900285,0.7142857142857143,33.25579530401994,17.921649893280172
classical,WeightedEnsemble,5,ORTHOPEDICS,0.6000208407236897,0.5885468677609341,26.128286509342786,5.134157029193314,6.707542871386866,30.651392517697428,-2.3563092168897595,-14.943534457548308,0.18327951853407642,4.202337532102752,0.9285714285714286,27.252604514424632,23.872724005727637
classical,WeightedEnsemble,5,PEDIATRICS,0.9365964856586426,0.862063686116767,23.145077131632785,12.302688977640003,15.301711236177876,26.462789619049925,-0.257197551642922,-10.17434910612645,0.17353023575704174,9.742483236073914,0.75,55.87181685704714,43.22221210611834
classical,WeightedEnsemble,6,CARDIOLOGY,0.8431794065757897,0.8693218842456752,18.437356902498987,9.030999789186875,12.229997373878485,17.806589445088225,5.106138596073454,5.287799217661204,0.1499804750775549,7.338330387723222,0.75,43.97405906552169,30.91153563460103
classical,WeightedEnsemble,6,ELECTIVE_SURGERY,0.6625161288918786,0.7177869287689684,50.568772421767825,5.907695660175365,9.344438870588455,47.33294301793,-3.2084904766260443,-31.80148314186615,0.2261700043784625,5.411925104770352,0.8214285714285714,37.73582315295137,25.214767263947447
classical,WeightedEnsemble,6,EMERGENCY,0.8592563708728767,0.8396388761913403,12.942839477939028,25.25371480954657,32.61619995773588,14.479367577062439,-14.251746671783556,-9.855733799715065,0.10318616395700476,20.644603231683597,0.8571428571428571,126.68481515267,96.32192634305056
classical,WeightedEnsemble,6,ONCOLOGY,0.6988105701241032,0.6948479184147273,30.390708932388122,4.780364861414459,6.670616421235878,38.978805242796874,-0.45234393460583394,-15.734315818798708,0.22437963400698338,4.006779178696132,0.8571428571428571,25.189672636765597,18.09893427634574
classical,WeightedEnsemble,6,ORTHOPEDICS,0.5995559942349212,0.5798065942515164,27.98143453155767,5.07447014913251,6.550772508710143,29.704162877295065,0.8219434767837084,-1.3437820807156209,0.18782859583865102,4.118812780176133,0.9285714285714286,25.348851686287254,22.88933923988697
classical,WeightedEnsemble,6,PEDIATRICS,1.0189443592487057,1.0903215784045712,19.624719034553937,13.48636723556039,19.465306360780954,18.476583337970123,8.54805448425969,6.628035508904133,0.16724340479646443,11.569659824669703,0.75,75.50302106428593,44.32836011442631
zeroshot_chronos,Chronos_bolt_base[bolt_base],1,CARDIOLOGY,0.5555717523087171,0.5352860542349549,18.325314965506912,5.980992317199707,7.507049669261468,18.38981824919507,0.728041512625558,0.9482815402031943,0.13567408906652573,4.554772990090506,0.8928571428571429,25.82891763959612,22.78975514003209
zeroshot_chronos,Chronos_bolt_base[bolt_base],1,ELECTIVE_SURGERY,0.947019011542505,0.8755769687218689,38.14947307156716,8.29181466783796,11.161217743297131,43.26032286272442,7.159612246922085,-2.323347139409685,0.2066726995678196,6.687338064587305,0.75,37.01405314036778,25.242446422576904
zeroshot_chronos,Chronos_bolt_base[bolt_base],1,EMERGENCY,0.53099272137414,0.5036457825484079,15.774754695443574,15.781611033848353,19.789519917668407,18.00030522724403,-10.718608038766044,-13.866258806776466,0.12937824268360154,12.822307980249798,0.7857142857142857,80.44684328351703,66.81420789446149
zeroshot_chronos,Chronos_bolt_base[bolt_base],1,ONCOLOGY,0.7386565459179675,0.6669403692267564,28.714028753178646,4.979716062545776,6.322837667138146,34.7815324275534,1.2709837981632777,-15.503474322882422,0.19068963122551366,3.834223656427292,0.7857142857142857,19.979947056089127,16.573868581226893
zeroshot_chronos,Chronos_bolt_base[bolt_base],1,ORTHOPEDICS,1.0496145498657055,0.9934918929788674,22.49952895015773,8.714877809797015,11.05486888160104,22.54623912029363,4.036065237862723,1.8670123488871166,0.16946927030326892,6.7969282339489645,0.75,37.59926543916975,22.484665121350968
zeroshot_chronos,Chronos_bolt_base[bolt_base],1,PEDIATRICS,0.3202814320148953,0.29273867864706166,19.818573820612027,4.307281017303467,5.31787968135069,19.886271666546087,1.384678908756801,1.9431913223399262,0.1500552521978201,3.408397871350485,0.9285714285714286,20.61309494291033,19.386299882616317
zeroshot_chronos,Chronos_bolt_base[bolt_base],2,CARDIOLOGY,0.66355463631041,0.6718418116869856,20.853141394185233,7.118703637804304,9.391641070153668,22.445158737327343,-1.7334607669285365,-8.683995380688108,0.17356850243187524,5.733959455338735,0.7857142857142857,34.169309752328054,22.63886547088623
zeroshot_chronos,Chronos_bolt_base[bolt_base],2,ELECTIVE_SURGERY,1.1108923961827408,0.9670150523252036,58.57297499817521,9.673777409962245,12.246050334810231,75.57394455968377,1.639605964933123,-48.242313560468034,0.2457085887164789,7.362482354754494,0.7857142857142857,40.66904279163906,29.113988263266428
zeroshot_chronos,Chronos_bolt_base[bolt_base],2,EMERGENCY,0.6817465141698265,0.6657031930235168,17.12202155127821,19.973951612200057,25.854469155936677,16.469015957682355,10.361654009137835,5.056831906951627,0.13014147817324137,15.342750694638207,0.8214285714285714,85.4464304787772,62.50061770847866
zeroshot_chronos,Chronos_bolt_base[bolt_base],2,ONCOLOGY,0.8915685092287111,0.8521992364071308,42.65255204384221,5.966650792530605,8.04077368589678,57.43253451228082,1.8077842508043562,-32.60315535386165,0.2307265368275259,4.779335405713036,0.7142857142857143,29.055237191064016,16.803565127508982
zeroshot_chronos,Chronos_bolt_base[bolt_base],2,ORTHOPEDICS,0.9612294014407425,0.8811408659585761,22.602896403375265,8.117273364748273,9.941851558098831,26.15287086186727,-2.511822053364345,-16.05516589528086,0.1826509813777779,6.268842610858737,0.7142857142857143,33.68717111860003,23.86887400490897
zeroshot_chronos,Chronos_bolt_base[bolt_base],2,PEDIATRICS,0.5278295665735703,0.46748607912911916,24.349313070498958,6.967461517878941,8.378698045504946,25.89219699848463,-0.3490875107901437,-9.220151111329809,0.1839584792706181,5.183687148018489,0.8928571428571429,28.167456763131277,22.917702402387345
zeroshot_chronos,Chronos_bolt_base[bolt_base],3,CARDIOLOGY,0.6530255289575347,0.5763861936081313,21.332489617769255,6.970730032239642,8.02535588419332,24.705990945024748,-1.3890257562909807,-11.990195587514663,0.13726940056458306,5.059357906523204,0.8928571428571429,26.7239864894322,24.67262213570731
zeroshot_chronos,Chronos_bolt_base[bolt_base],3,ELECTIVE_SURGERY,0.6566881425978044,0.7451065702546519,28.865671485618222,5.760304382869175,9.514586172091152,28.573811283383456,2.9843900544302806,-10.777668842911435,0.15939367923030145,5.123368260973976,0.9642857142857143,35.350654874529155,28.30710792541504
zeroshot_chronos,Chronos_bolt_base[bolt_base],3,EMERGENCY,0.6749600858627053,0.5895559874230569,15.583930959051106,19.760371889386857,22.851292550370793,16.89288117112144,-10.645221437726702,-11.262291367135989,0.11982197053748224,14.982025673275903,0.8214285714285714,83.56757272992816,78.54300335475376
zeroshot_chronos,Chronos_bolt_base[bolt_base],3,ONCOLOGY,0.8319894184019326,0.7532341744326528,36.28203521655899,5.615289892469134,7.1643117224143165,50.13408947960819,2.550695146833147,-24.285505074254914,0.20224065725431611,4.297613966654217,0.8214285714285714,23.830673830849783,16.657120636531285
zeroshot_chronos,Chronos_bolt_base[bolt_base],3,ORTHOPEDICS,0.9697240899378475,0.9368651501669896,28.505159426923495,8.229255301611763,10.640658211784277,31.55585472589898,4.031662293842861,-4.1342540396586145,0.19181705062223245,6.46697484954955,0.75,36.598078455243794,20.981835229056223
zeroshot_chronos,Chronos_bolt_base[bolt_base],3,PEDIATRICS,0.5922514669706086,0.5751318373368675,22.02870100766045,7.764738014766148,10.231728312892795,24.10503179394274,0.517836502620152,-7.388798179792248,0.16746790627522312,6.136502565656389,0.7857142857142857,37.105661392211914,28.62397834232875
zeroshot_chronos,Chronos_bolt_base[bolt_base],4,CARDIOLOGY,0.9116707078628671,0.939736635248023,25.801207715225484,9.699994904654366,13.046148935439028,31.2520096072486,1.4620282309395927,-13.941878689000047,0.18811174969716316,7.752891398233079,0.6785714285714286,48.425654479435515,25.033862727028982
zeroshot_chronos,Chronos_bolt_base[bolt_base],4,ELECTIVE_SURGERY,0.8158541901789886,0.7744377900740609,43.04992664670838,7.123503003801618,9.834102343985704,56.59744117873884,-0.5376920700073242,-37.5651700498497,0.20536545816949717,5.779570751341563,0.8928571428571429,36.844424043382915,28.999429634639196
zeroshot_chronos,Chronos_bolt_base[bolt_base],4,EMERGENCY,0.9664317736794391,0.8446091078094555,18.342724638479847,27.99286460876465,32.4489316706549,17.527442103085257,12.273304258074079,4.548478645517605,0.1316189279843758,20.41033518957713,0.7857142857142857,104.58614131382534,75.48259789603097
zeroshot_chronos,Chronos_bolt_base[bolt_base],4,ONCOLOGY,0.9505972931145539,0.8381520986600487,39.125060723806115,6.424335139138358,7.9601950621902935,48.11260684095403,0.3343452044895717,-23.661948781548038,0.25581515772139196,5.0432131093645856,0.6071428571428571,27.371759993689402,16.50879372869219
zeroshot_chronos,Chronos_bolt_base[bolt_base],4,ORTHOPEDICS,0.4990470216557364,0.455199481526506,21.12745143977989,4.288825001035418,5.215968315076439,25.654333033758515,-0.19093292100088938,-10.947397782260834,0.1269809700143062,3.3786008093092175,0.9642857142857143,20.632000310080393,19.880706582750594
zeroshot_chronos,Chronos_bolt_base[bolt_base],4,PEDIATRICS,0.8090081708721261,0.7805063578176623,21.157475642225844,10.570235116141182,13.81291222750086,19.887268475704172,4.862533841814313,4.4879638858888615,0.16701463774022965,8.344767078520759,0.8214285714285714,46.503932407924104,32.90815244402204
zeroshot_chronos,Chronos_bolt_base[bolt_base],5,CARDIOLOGY,0.7845305213918372,0.7819818312808775,20.001724677134085,8.4035142489842,10.981730887942724,20.674724840064652,0.008877822331019811,-3.435427861024819,0.1535341979589437,6.514236684829469,0.8214285714285714,38.344355378832134,27.64736931664603
zeroshot_chronos,Chronos_bolt_base[bolt_base],5,ELECTIVE_SURGERY,1.0188857480929594,0.9624836120145837,69.97261254473699,8.901688167027064,12.303265581127517,81.3302438972682,-2.6551899228777205,-60.68259025087872,0.3004637534571999,7.232591779648312,0.75,45.44276533808027,27.27293106487819
zeroshot_chronos,Chronos_bolt_base[bolt_base],5,EMERGENCY,1.1470864978348907,1.0459257613500357,17.997287133238967,33.46427753993443,40.342049883968016,16.57194323912277,27.959023066929408,11.988935251058477,0.12881883717829887,25.02765979464092,0.6428571428571429,126.82628931318011,89.14251354762486
zeroshot_chronos,Chronos_bolt_base[bolt_base],5,ONCOLOGY,0.806215673163503,0.7669598666291167,40.62741145957639,5.47883255141122,7.339061033712551,63.833361901700535,-3.0731223991939,-49.0297996981,0.28112652848050057,4.367501424607776,0.8214285714285714,28.54194634301322,18.441877637590682
zeroshot_chronos,Chronos_bolt_base[bolt_base],5,ORTHOPEDICS,0.5254587428638731,0.5000995653072942,23.19797452480948,4.496156658445086,5.699527867716347,28.70200231731868,0.905780417578561,-8.688658925172334,0.15217795050156577,3.4892230079287576,0.8214285714285714,21.70555077280317,16.3088447366442
zeroshot_chronos,Chronos_bolt_base[bolt_base],5,PEDIATRICS,0.9637620613403616,0.8802399510854576,23.659790279100264,12.659523146493095,15.624341643167885,26.64097093152989,-0.4107675552368164,-9.611652669117984,0.1750960940791619,9.830394996158661,0.7142857142857143,57.80134555271694,38.07557187761579
zeroshot_chronos,Chronos_bolt_base[bolt_base],6,CARDIOLOGY,0.9251092842886781,0.8891253551941137,21.894246222210594,9.908522060939244,12.508601193800997,21.02235936225838,5.559354509626116,7.191562610096665,0.15346599448916395,7.508871873219808,0.7857142857142857,42.548323086329866,28.210525921412877
zeroshot_chronos,Chronos_bolt_base[bolt_base],6,ELECTIVE_SURGERY,0.6240468784307911,0.6109229113755026,58.30088946264268,5.564663069588797,7.953240120687347,44.09824855281978,1.9797916412353516,-3.0837929770354373,0.20027229891092227,4.792230009654211,0.9285714285714286,31.394871268953597,28.666568449565343
zeroshot_chronos,Chronos_bolt_base[bolt_base],6,EMERGENCY,0.7984685751596009,0.7673206161158815,12.111939514091995,23.467149462018693,29.806960297566558,12.938212029935128,-4.755538395472935,-4.927058654441664,0.09742655773950476,19.49227058773949,0.8571428571428571,125.81779316493443,110.36177335466657
zeroshot_chronos,Chronos_bolt_base[bolt_base],6,ONCOLOGY,0.7513744589128312,0.7420587045846696,38.34570324949268,5.139939512525286,7.123845159695892,41.279258397115015,1.446509497506278,-5.379200542542955,0.23314368659125437,4.16328011770097,0.8214285714285714,25.954261302947998,17.87767253603254
zeroshot_chronos,Chronos_bolt_base[bolt_base],6,ORTHOPEDICS,0.517448962997791,0.5474864732894906,22.336531780391937,4.37953976222447,6.185613226329886,25.6222853454933,1.4399080276489258,-4.535265668716277,0.1658285136849303,3.6363824072338287,0.8571428571428571,22.404289926801408,16.493310928344727
zeroshot_chronos,Chronos_bolt_base[bolt_base],6,PEDIATRICS,0.9987992372356719,1.058011970044438,19.49805226478194,13.219733919416155,18.888488990948545,17.61812892657038,10.376726422991071,10.592879675672103,0.15562821622765466,10.766137672605968,0.8214285714285714,67.19745479311263,39.845334257398335
global_covariates,WeightedEnsemble,1,CARDIOLOGY,0.6589353758809096,0.5965768908305839,20.80100458524607,7.09375054490686,8.366615038009177,22.98624663488172,-2.5948067463832354,-11.285363747398707,0.16303385823840422,5.473279526574999,0.9642857142857143,33.05522894477266,32.67968542139871
global_covariates,WeightedEnsemble,1,ELECTIVE_SURGERY,1.0233047628565173,0.9435501170269456,36.84586468576866,8.959749845466837,12.02768995080375,44.14454191491089,8.003797962727509,-6.910389459283094,0.2269584356403402,7.343726524648152,0.6785714285714286,42.656715051044884,25.275987796869167
global_covariates,WeightedEnsemble,1,EMERGENCY,0.4554186732029211,0.40423555969215375,13.67774384711598,13.535478112468578,15.883440181867957,14.31668128910307,-1.8482265975381347,-3.8809979258161817,0.1318351226387491,13.065802332947456,1.0,107.34721730092157,107.34721730092157
global_covariates,WeightedEnsemble,1,ONCOLOGY,0.7007629845744584,0.6601386275801109,26.27374258453709,4.72425338894985,6.258354678448448,31.552794120478538,-0.4703637634556251,-19.133189732857936,0.19288510618388952,3.878368385054636,0.8928571428571429,21.644615995671035,18.56927737840873
global_covariates,WeightedEnsemble,1,ORTHOPEDICS,1.0978113723611718,1.0363956566757868,23.290064667015244,9.115052730125822,11.53227135015518,25.82016503682569,1.6665762318791413,-5.939506361740534,0.1810639324918104,7.26195700672511,0.75,43.82228853452193,27.076712840777454
global_covariates,WeightedEnsemble,1,PEDIATRICS,0.321982943631393,0.3030404320754093,19.605424331868022,4.330163669726855,5.505020941576654,21.56536741106947,-0.8938647713435914,-8.38957392246202,0.20077520378858338,4.560465343197823,1.0,37.32530066208379,37.32530066208379
global_covariates,WeightedEnsemble,2,CARDIOLOGY,0.645915648577514,0.6031572621470705,21.131016121160602,6.929470198279948,8.431503393214014,23.79081943843184,-2.6151681669351468,-13.756738862933013,0.16459724364423464,5.4375875132470375,0.9285714285714286,34.118740512680446,32.57960680420377
global_covariates,WeightedEnsemble,2,ELECTIVE_SURGERY,0.9802825923384723,0.8972243279216885,48.08483661729946,8.536412374167687,11.36223707679189,47.76090676729258,4.18604395517382,-17.602128774994828,0.23761412700467688,7.119937591318711,0.7142857142857143,46.03890652886764,25.477396519400596
global_covariates,WeightedEnsemble,2,EMERGENCY,0.6948317853132668,0.6579988859924939,18.002999781280874,20.357326616280368,25.555250569351934,16.774972384191233,13.724798993760178,8.763061998971654,0.14211573587919013,16.754430147757382,0.9642857142857143,110.94735882337734,106.78032232452503
global_covariates,WeightedEnsemble,2,ONCOLOGY,0.7281508658304342,0.7223509195403179,34.52758353317164,4.873009640557521,6.815613083990473,34.37782847453587,1.4558363233281566,-12.744772310731376,0.1978019425327311,4.097325952463716,0.7857142857142857,26.60648508355723,18.609839215816947
global_covariates,WeightedEnsemble,2,ORTHOPEDICS,0.9137746925481673,0.8338615911936049,21.96259972234706,7.716533599663871,9.408402765008795,26.246725002445988,-3.4197129972212283,-18.55363601540005,0.17542008210584192,6.020667817989788,0.7857142857142857,30.938307335617004,27.302754777437364
global_covariates,WeightedEnsemble,2,PEDIATRICS,0.5013408428460215,0.470568401134475,23.188894750272183,6.617804782225618,8.433942140494905,23.66978384501827,1.1635337588776442,-3.7421951211519255,0.20242405103433972,5.70402058093193,0.9642857142857143,39.016199237374735,36.899693519677285
global_covariates,WeightedEnsemble,3,CARDIOLOGY,0.6734331260992911,0.5941998740351743,22.08484423195619,7.188571209917612,8.27338598383777,27.616375280164124,-1.6291877716742922,-16.15686672332198,0.14892106416630713,5.488804936415319,0.9642857142857143,34.008020436475974,32.47750800977201
global_covariates,WeightedEnsemble,3,ELECTIVE_SURGERY,0.841878989499757,0.8742099794055059,37.248377385759355,7.384752241569005,11.16316311465754,30.70903164913365,6.240959824975561,3.9442792856699738,0.19980705034430357,6.422369475352615,0.75,41.8457857936502,25.621129529823122
global_covariates,WeightedEnsemble,3,EMERGENCY,0.6875520807229228,0.6675119747247359,15.408272258845818,20.12901961608778,25.87288016865641,16.95729048270568,-9.120700632316531,-9.923856005375658,0.13531763937809294,16.91953769509655,0.9285714285714286,107.10272245653664,106.45775356638066
global_covariates,WeightedEnsemble,3,ONCOLOGY,0.6993365175646167,0.6574519415694238,30.926541818945225,4.719984643624445,6.253288567871553,35.253427712926225,1.3811936454517284,-12.232118098309455,0.1835918453851993,3.901326714435484,0.7857142857142857,24.017216181969662,18.659696796836926
global_covariates,WeightedEnsemble,3,ORTHOPEDICS,0.8186960457474872,0.8136248952064795,24.52851873135633,6.9476038027558,9.240929093101403,29.08053386047767,0.6887859341706839,-12.118318816477238,0.16633648150421343,5.6079156621420525,0.8571428571428571,35.545016531354705,27.415380307605016
global_covariates,WeightedEnsemble,3,PEDIATRICS,0.6363924284646396,0.6001604862133362,23.738563548559853,8.343449965407952,10.676993761122228,25.137417386066748,0.7691618000809449,-5.472702963609299,0.1797109909211828,6.585124167326198,0.9642857142857143,40.33511034110013,36.589558639445265
global_covariates,WeightedEnsemble,4,CARDIOLOGY,0.9192411080751567,0.9360397610074855,27.134201939691398,9.780542456365822,12.994826075258196,35.12933051807327,-2.3404958669805067,-24.865796219946734,0.19098310076854486,7.871232081675026,0.7857142857142857,47.970070003153104,32.434575407102386
global_covariates,WeightedEnsemble,4,ELECTIVE_SURGERY,0.7635172532809662,0.6873419990145868,33.306594931453034,6.66653124133381,8.728127230184304,27.91114477751305,2.7042134349107605,0.6512438058825464,0.19396817953311837,5.458818766860617,0.8571428571428571,30.83496770536477,25.797819498682745
global_covariates,WeightedEnsemble,4,EMERGENCY,0.9466657089616868,0.8949418465978345,17.83868308505556,27.420337102362886,34.38265886663193,18.66211432710991,-0.8547841813275332,-4.4057875084473235,0.14033315824399684,21.76166332483694,0.8214285714285714,116.95066603632763,106.2314374908716
global_covariates,WeightedEnsemble,4,ONCOLOGY,0.8365766838498332,0.7560220811966855,29.792040698741662,5.65376003652544,7.180180360187341,31.73705781175031,0.9499225994150294,-4.9000905527390435,0.23112705726409496,4.556504843206442,0.75,24.297802085464287,18.716751067774833
global_covariates,WeightedEnsemble,4,ORTHOPEDICS,0.6169516189883553,0.5889675241121197,23.524088121944434,5.302100630052164,6.7487685488476385,30.415188294764228,-3.474585769287106,-21.91117217913401,0.1633904572164955,4.347353236653183,0.9642857142857143,28.044121129849515,27.511513748782
global_covariates,WeightedEnsemble,4,PEDIATRICS,0.7277168285772341,0.7379841799889277,19.53143882012493,9.508109130395683,13.060381381099083,18.70157840296972,2.508165977557437,0.5794420128014909,0.15704225250416937,7.846503973333319,0.8571428571428571,49.092716126386904,36.434024789444884
global_covariates,WeightedEnsemble,5,CARDIOLOGY,0.7705622216792081,0.7573623912211145,18.968688620569726,8.25389252940991,10.63598875617823,20.786634254266453,-2.661280200191374,-10.50478123760468,0.15699194246423887,6.660943844554136,0.8928571428571429,40.11281347800131,32.453331300247534
global_covariates,WeightedEnsemble,5,ELECTIVE_SURGERY,0.7426239480498921,0.7387215957149095,55.29655760252082,6.488074667134827,9.442953489432638,35.84063982028496,0.9641801477005504,-13.52354832329932,0.2335846883783471,5.622717141678784,0.75,36.69397135050435,25.891903370070008
global_covariates,WeightedEnsemble,5,EMERGENCY,0.7898648801397298,0.7066477915449012,12.28856277981238,23.04295065623514,27.25587370570531,12.515052326908528,3.5307732227489645,-0.5007788896823869,0.09188521408499678,17.851984450799375,0.9642857142857143,108.87923339379684,106.33810919019365
global_covariates,WeightedEnsemble,5,ONCOLOGY,0.666482934878799,0.594445661187071,32.85503137899158,4.529245114084384,5.688267637591016,43.60493599627707,-1.9006472309020224,-26.815943144633565,0.23016165992835155,3.575725788172605,0.8928571428571429,21.053162462287712,18.742962099637932
global_covariates,WeightedEnsemble,5,ORTHOPEDICS,0.5070207590781055,0.5415671649508598,22.532455190791996,4.338389631647023,6.172125238663031,30.05850221796204,-1.9693020753882773,-19.607687570163705,0.17662113250872355,4.049670252521447,0.9642857142857143,29.1150784738808,27.48560434502669
global_covariates,WeightedEnsemble,5,PEDIATRICS,1.0604761121432187,0.9913557827987355,25.236040824219646,13.929913229110682,17.596658071787303,31.981809417587286,-7.115831274297496,-22.91862947846783,0.19588656609863936,10.997631496680752,0.75,66.73310706476839,36.49734836905891
global_covariates,WeightedEnsemble,6,CARDIOLOGY,0.7752853664007119,0.7802822035399198,16.892767264823167,8.303810465388963,10.977348520862122,17.422459256613596,1.0371206773407124,-1.930261818079496,0.13748692798117135,6.727038976221596,0.8571428571428571,39.32114892704557,32.487217518549876
global_covariates,WeightedEnsemble,6,ELECTIVE_SURGERY,0.4622029795377982,0.4850541126158034,41.70137861833303,4.121491413201799,6.31462948487988,24.232360795368685,1.7438354693706712,-0.340052653725023,0.17018180909301245,4.072207574725654,0.9285714285714286,29.66343369047781,25.908607420309654
global_covariates,WeightedEnsemble,6,EMERGENCY,1.2901182586597777,1.1814610890214647,18.286146142733962,37.916830970582325,45.89445798008408,21.446828220267893,-35.742655937905226,-20.5679199574412,0.14824955758263578,29.6605007706402,0.6785714285714286,176.47499086158572,106.84704564564845
global_covariates,WeightedEnsemble,6,ONCOLOGY,0.6844918409152185,0.6889426283084165,30.30504750823323,4.682414497043031,6.613924986878286,31.109216574961206,1.5062190960345505,-0.5604956339581325,0.22384386721991362,3.997211914641315,0.8214285714285714,24.96394997999435,18.69421728302867
global_covariates,WeightedEnsemble,6,ORTHOPEDICS,0.6168697057761379,0.5600375317597417,25.27075866325334,5.22100844285553,6.327417630759388,29.76726811165788,-1.1933574420816038,-13.800722064156421,0.1954889544868507,4.286793501961655,0.9642857142857143,28.298249179436745,27.402150480207098
global_covariates,WeightedEnsemble,6,PEDIATRICS,1.015827350623393,0.962278479557406,19.473933891727,13.445111672765607,17.17937696544525,20.444054200395144,1.3811674450089135,-4.154866403893571,0.15114159651495238,10.455759730337956,0.7857142857142857,62.70545187468258,36.65241602599851
ensemble,WeightedEnsemble,1,CARDIOLOGY,0.5700450111611242,0.5263367511251602,18.286392607303465,6.136803784649887,7.381541331394299,18.80332822298824,0.46078189694400756,-1.3057236736810476,0.14386823016768374,4.829862012772239,1.0,30.24165137444539,30.24165137444539
ensemble,WeightedEnsemble,1,ELECTIVE_SURGERY,0.8971387029664725,0.865158669492554,29.09222249683135,7.855077633791134,11.028412849647463,26.571144023531247,7.447869441966652,12.674016142093784,0.1924384668388558,6.226758962714405,0.8214285714285714,34.7673948490383,28.917714187202723
ensemble,WeightedEnsemble,1,EMERGENCY,0.4021038020001079,0.3735151531399545,12.240879602202284,11.950909198858799,14.676357509066689,12.746407907843633,-0.9581219110733536,-3.2948914202971316,0.12317946178775784,12.207964516465285,1.0,101.958184548604,101.958184548604
ensemble,WeightedEnsemble,1,ONCOLOGY,0.6639243141687386,0.6348574864840423,22.93400782131713,4.475902352523017,6.018680250919368,24.96887269947095,0.7005011716059254,-6.858001539187378,0.17516230045975337,3.5220133985300413,0.9642857142857143,18.54440734917092,18.4250983937866
ensemble,WeightedEnsemble,1,ORTHOPEDICS,0.9962428809327493,0.9313971754681468,21.76533614369634,8.271736493477453,10.363923172660389,22.04830686272706,2.2117077326163233,0.39553348500849267,0.16021548157909937,6.425785207618878,0.8928571428571429,36.74792810972591,30.113648755467846
ensemble,WeightedEnsemble,1,PEDIATRICS,0.3784706724019106,0.33257565724269494,24.02843862314365,5.089834688784001,6.0415567165112325,22.399993616405837,3.1324710998779666,9.538499466668828,0.17290516340419557,3.927417283038156,0.9285714285714286,23.797367907137307,22.369470471935735
ensemble,WeightedEnsemble,2,CARDIOLOGY,0.6075736185459932,0.6019207591760507,19.10335860870129,6.518131728574033,8.414218383731146,19.8823615348143,-0.1654555919842873,-4.376891694365992,0.15612195929263925,5.157600440917546,0.9642857142857143,31.429059163842545,30.253142316803054
ensemble,WeightedEnsemble,2,ELECTIVE_SURGERY,1.0157241534649668,0.9072732302317879,48.78034237535528,8.845041521848774,11.489494003354894,44.42564711788772,0.923683481338693,-14.270630644192034,0.22948595183320497,6.876382628144963,0.8214285714285714,40.854541414433854,31.818014842263853
ensemble,WeightedEnsemble,2,EMERGENCY,0.7762396560404958,0.7287112347641991,19.871141879642455,22.742431397839773,28.30156493200109,18.119053807373355,17.271835217109082,11.41975271687198,0.15088904261362815,17.788740345270945,0.8928571428571429,104.6124387874045,97.71147976933888
ensemble,WeightedEnsemble,2,ONCOLOGY,0.7969983287632758,0.7807322897008314,38.16005974574943,5.333758046338846,7.3664600747861675,40.097440963894456,1.2588148835377795,-16.56739395145756,0.20485259336280265,4.243375148229482,0.75,24.881736980517818,19.141721056827553
ensemble,WeightedEnsemble,2,ORTHOPEDICS,0.9284224124785344,0.9032282511366687,20.632933790907003,7.840228886831375,10.191062000186612,24.171661375761712,-3.430357363634496,-15.31574314197965,0.18310434722987254,6.284402774568125,0.8214285714285714,33.67666320849366,30.160820102120052
ensemble,WeightedEnsemble,2,PEDIATRICS,0.4866892893334201,0.474549478740895,22.404788058350807,6.4244011880713945,8.505294526478362,22.46976270052223,1.6738735040028865,-1.9342224889132207,0.18477432347658826,5.206676472251005,0.8571428571428571,32.11175605665384,23.498046191910586
ensemble,WeightedEnsemble,3,CARDIOLOGY,0.5918047408504459,0.5669608866759244,19.272484130897485,6.317227883653326,7.894121924588554,21.716211882696605,1.1552780421225541,-4.662360612735716,0.1378947434859503,5.082406259910739,0.8928571428571429,32.01452431410725,31.30465927872345
ensemble,WeightedEnsemble,3,ELECTIVE_SURGERY,0.642890191263125,0.668058269840257,31.146702561649214,5.639272199718507,8.530723295327919,24.104293184918156,2.747512243660812,3.214807558940173,0.15348713248609033,4.933514972767188,0.9642857142857143,36.08703329603907,33.2012578392448
ensemble,WeightedEnsemble,3,EMERGENCY,0.599032046652313,0.5599839472230039,13.810168315405644,17.537475568470942,21.70507513194295,14.61702484225432,-6.108726931142293,-7.445169989293723,0.12571615992373342,15.719009853321094,0.9642857142857143,113.98925527988807,112.09574879201845
ensemble,WeightedEnsemble,3,ONCOLOGY,0.725164541046527,0.6896377897996739,29.694272635115304,4.894303975087818,6.559421053091721,34.476232186255636,1.5769395952696308,-11.21637896122096,0.18318939990156693,3.8927747479082973,0.8928571428571429,23.33986659195857,18.790567295187856
ensemble,WeightedEnsemble,3,ORTHOPEDICS,0.882872333807851,0.8589324216759455,25.744641759275318,7.492215475538273,9.75551959046063,28.466858513638243,2.5525341542649147,-5.829025931879726,0.1726783874979309,5.8217284927873845,0.8928571428571429,34.27711234986941,28.181583912857718
ensemble,WeightedEnsemble,3,PEDIATRICS,0.6421864196211605,0.6064127482471803,23.96763242556266,8.41941233257671,10.788222947751029,24.7231943713262,2.4122772592327935,-1.9146692614422238,0.1742376703886936,6.384566064957129,0.8928571428571429,36.88942001473724,29.914101783025735
ensemble,WeightedEnsemble,4,CARDIOLOGY,0.8622868958651054,0.9370208951459563,23.889499407270957,9.17456097262246,13.008446936269703,27.348377959509545,1.988376698214488,-9.584981825975671,0.1821601539812945,7.507600631943352,0.8571428571428571,45.96207571963788,32.72487901145164
ensemble,WeightedEnsemble,4,ELECTIVE_SURGERY,0.7407135595145061,0.7746744169238851,38.33977558656148,6.467424362925166,9.83710712072611,43.3836694173667,-1.9137889648695605,-16.106358968591305,0.200044743028109,5.629830625219639,0.8928571428571429,38.48427341502164,31.74971818685685
ensemble,WeightedEnsemble,4,EMERGENCY,0.9406062518334699,0.8330088793952635,17.82949662038539,27.244823871514736,32.00326394614698,17.89650320625804,4.575474725101442,-0.6807824914320195,0.1352938355444302,20.980208354782715,0.9642857142857143,126.56695453498521,119.18476439639393
ensemble,WeightedEnsemble,4,ONCOLOGY,0.9382776771161498,0.8302944277960894,34.48615054593711,6.341076599973024,7.885568281547971,39.77073621186839,-0.42837500239248477,-16.1619152072808,0.2418796341318876,4.768484215742927,0.8214285714285714,23.567887597625333,19.222207231514037
ensemble,WeightedEnsemble,4,ORTHOPEDICS,0.49217628745216707,0.4841794163365875,20.218650469191076,4.2297777061934,5.548039039839696,25.42725312040111,-1.8734371856455438,-15.571226505039682,0.14305740687541954,3.8063488615066987,0.9642857142857143,26.98193940243339,26.943561242653328
ensemble,WeightedEnsemble,4,PEDIATRICS,0.7723349290335211,0.710559013307003,20.307446784830624,10.091074580237976,12.575027973778722,20.333238107851233,1.414535698873215,-2.774135150425915,0.15645107776603287,7.816966349809999,0.9285714285714286,46.147576539722316,39.51370661933945
ensemble,WeightedEnsemble,5,CARDIOLOGY,0.7983989493963933,0.7858102913149273,19.78048298847544,8.5520661907755,11.035495714857325,20.91323972417456,-1.1662711424705363,-5.634002434202457,0.15911288018126138,6.750932201976375,0.8571428571428571,40.206782658742135,35.79575365661144
ensemble,WeightedEnsemble,5,ELECTIVE_SURGERY,1.0032677924778544,0.926355153986133,65.06708018219517,8.765238942025784,11.841441599283021,65.21649268537927,-4.097469899680591,-48.1126904994464,0.27890217783926863,6.713573852273825,0.8571428571428571,37.35157200207109,30.011058752856798
ensemble,WeightedEnsemble,5,EMERGENCY,0.983582871365979,0.9173579229482338,15.257953754986392,28.694340185368,35.38310313846988,14.419340938612821,21.46030801905815,8.636243428545779,0.1159317551032376,22.52388384862902,0.9642857142857143,130.19264503976441,127.7630462356459
ensemble,WeightedEnsemble,5,ONCOLOGY,0.8386207235098189,0.8005216373647184,37.78117768556424,5.699048866446203,7.660214583650724,54.71350777290829,-3.801827114853232,-40.82791212412113,0.2833578160616024,4.402166070957037,0.8928571428571429,26.140879451029,19.325618662846257
ensemble,WeightedEnsemble,5,ORTHOPEDICS,0.46899771913798965,0.45732328949069917,21.185137738790132,4.013040502866109,5.212015794107575,26.519497110308325,-0.36610160424159405,-12.709694346304023,0.15496753273409877,3.553184143403265,0.9642857142857143,25.11123558173164,24.81136195349212
ensemble,WeightedEnsemble,5,PEDIATRICS,0.9867305892865935,0.9161183923388286,24.121523643097902,12.96122687902206,16.26118733856688,29.806093016929296,-5.446276367802329,-19.73979258539283,0.18571490303078703,10.426565270157042,0.7857142857142857,64.6611955097815,44.75388537512759
ensemble,WeightedEnsemble,6,CARDIOLOGY,0.819483354675606,0.8355702842422298,19.090464254062105,8.777199663085378,11.755165223800367,18.678111494543952,3.380989910482046,4.145213434755273,0.14271525873448998,6.982853730937546,0.8571428571428571,41.34039735543515,35.012725102699385
ensemble,WeightedEnsemble,6,ELECTIVE_SURGERY,0.5288839299966576,0.5417918082080964,43.59281161132954,4.716089407821278,7.053263621098437,34.08847205420484,-0.21398551898561813,-17.431500724516248,0.1805356919321519,4.319961199805063,0.9642857142857143,30.579727478387003,29.414864068214882
ensemble,WeightedEnsemble,6,EMERGENCY,0.91748391903617,0.889476760398617,13.672158464810892,26.965033974839667,34.55217796312375,15.490390474411143,-20.380120672149125,-12.745739685333572,0.11606396788476629,23.2210838603736,0.8571428571428571,153.8209324067311,136.78420829318011
ensemble,WeightedEnsemble,6,ONCOLOGY,0.6899236546529675,0.6879945362555886,28.983368208605636,4.719571993846595,6.604823198920331,35.478278061435624,0.666432326693673,-12.569935366377875,0.21241194805248625,3.7930705009372545,0.9285714285714286,22.784693094359604,19.778740388520767
ensemble,WeightedEnsemble,6,ORTHOPEDICS,0.5059079310934752,0.5367210310087929,21.972576319355035,4.281859774947604,6.063983075800917,26.31515848056914,0.39291335353047613,-9.625075255552112,0.1786490662806409,3.917518810582625,0.8928571428571429,26.46040235327421,24.067363742328382
ensemble,WeightedEnsemble,6,PEDIATRICS,0.9446448067383324,0.9762835255998469,18.16026073099406,12.502966089563056,17.42940642208671,18.14512996483181,3.8900353725139856,-0.061164848766254186,0.15073956668716182,10.427947881179728,0.7857142857142857,66.10552882626729,46.35352251235548
chronos_finetune,Chronos_ft[bolt_small],1,CARDIOLOGY,0.5838935548243575,0.552434403440782,19.0432855313805,6.285889898027692,7.747544463055365,18.734784898184266,1.8969195229666573,3.5747357690000556,0.13898228656597456,4.665833906143431,0.8214285714285714,24.571582862309047,18.675775459834508
chronos_finetune,Chronos_ft[bolt_small],1,ELECTIVE_SURGERY,0.7830676098613918,0.727825035916001,37.836252796612015,6.856305326734271,9.27778367302165,29.545705231818392,5.6524496759687155,18.477876645832627,0.16163470928125703,5.23003737888639,0.8571428571428571,29.696888855525426,23.347969668252126
chronos_finetune,Chronos_ft[bolt_small],1,EMERGENCY,0.413788348190765,0.3892288996403596,12.547749634858826,12.298185076032366,15.293790455248605,13.1807808604329,-1.2528065272739954,-3.8081021333894105,0.09906508901479605,9.818057929144963,0.8928571428571429,56.42749513898577,53.279634203229634
chronos_finetune,Chronos_ft[bolt_small],1,ONCOLOGY,0.6782511746513391,0.6404898937500239,25.44439572485518,4.5724881035940985,6.072077523690995,28.441382169274487,-0.08399111883980888,-10.373362168604316,0.17284527284190432,3.4754245932140053,0.8571428571428571,19.355609791619436,16.506012541907175
chronos_finetune,Chronos_ft[bolt_small],1,ORTHOPEDICS,1.1379161604863273,1.03208271296003,23.9655238983654,9.448040042604719,11.484279989975628,29.082076458520984,-6.611308881214687,-24.003518927364215,0.17636954767173013,7.073678644119748,0.75,38.45956775120327,29.750702449253627
chronos_finetune,Chronos_ft[bolt_small],1,PEDIATRICS,0.3814968332496691,0.3371865566120127,24.27074226465771,5.1305317878723145,6.125318138753663,22.757751013859835,2.9534803799220493,8.77548458413643,0.17356284526075877,3.9423560566372333,0.7857142857142857,21.720671449388778,15.406221457890101
chronos_finetune,Chronos_ft[bolt_small],2,CARDIOLOGY,0.6162553165022082,0.633722531697526,19.968488043711915,6.611270155225482,8.858773675945562,20.22289513081965,0.19679430552891322,-2.4074452196503815,0.15853307734309016,5.237253447941371,0.7142857142857143,30.056726455688477,19.933287620544434
chronos_finetune,Chronos_ft[bolt_small],2,ELECTIVE_SURGERY,1.0727585515546,0.9639487156491224,52.34198676091021,9.341703551156181,12.207218971029002,61.8145340056896,-0.44949231828962055,-37.10508963901663,0.23880184516103484,7.155526717503865,0.75,39.93706791741507,25.911661761147634
chronos_finetune,Chronos_ft[bolt_small],2,EMERGENCY,0.6793156724446828,0.6389015413825363,17.032574781671215,19.902732304164342,24.813551096744774,16.84562619598622,6.326437813895089,1.6726336127018417,0.1320878822490758,15.572217832292829,0.7142857142857143,90.78856004987445,49.18828092302595
chronos_finetune,Chronos_ft[bolt_small],2,ONCOLOGY,0.8170815293229076,0.7931229832072865,40.18602659978336,5.468161003930228,7.483370250294842,50.87465525639205,0.06351637840270996,-31.44813533642058,0.21025145475891815,4.355208705720447,0.75,26.07272982597351,16.905450991221837
chronos_finetune,Chronos_ft[bolt_small],2,ORTHOPEDICS,1.559268725008041,1.3757536002311967,35.654629147994086,13.16752324785505,15.522532891649588,47.47576023137138,-11.959718704223633,-45.525654852962504,0.299565527041891,10.281516838830616,0.5,61.22864784513201,27.512797560010636
chronos_finetune,Chronos_ft[bolt_small],2,PEDIATRICS,0.4798959978704387,0.44288912472698805,22.143478466493175,6.334728309086391,7.937849723008506,22.469940137560833,1.1633177484784807,-2.9122378997904983,0.17370950360144383,4.894885655054971,0.75,28.06782899584089,18.01907648359026
chronos_finetune,Chronos_ft[bolt_small],3,CARDIOLOGY,0.6126533514728021,0.5572654397012444,20.427461310426544,6.5397766658238,7.759126650081628,21.8893585888343,0.3445990426199777,-5.2801915898267895,0.12822712525327487,4.726085473620703,0.8928571428571429,25.122033664158412,22.413675580705917
chronos_finetune,Chronos_ft[bolt_small],3,ELECTIVE_SURGERY,0.670795427240676,0.6126720999279845,36.81753092584957,5.8840499605451315,7.8234734771008485,45.54755033548915,-0.5727282932826451,-32.06236291387912,0.143544982533396,4.613945867144873,0.9642857142857143,31.401645966938563,27.656174557549612
chronos_finetune,Chronos_ft[bolt_small],3,EMERGENCY,0.6273638227883646,0.5843813904000147,14.269067475599186,18.366926738194056,22.65072427029842,15.727283925789589,-12.4037778036935,-12.06904741607925,0.11473405393636603,14.345854386829195,0.6785714285714286,83.81240408761161,59.990606035505024
chronos_finetune,Chronos_ft[bolt_small],3,ONCOLOGY,0.7372439165370314,0.7000455665901646,31.8494750534334,4.975830486842564,6.658413583961084,37.756683525769944,0.9770962170192173,-12.569043054687675,0.17864902624563012,3.7962918077196397,0.8214285714285714,21.93475914001465,15.811369623456683
chronos_finetune,Chronos_ft[bolt_small],3,ORTHOPEDICS,0.9597532482605018,0.8931972818280475,28.64080657139597,8.144640922546387,10.144690503145465,39.78163189579534,-2.208298683166504,-29.104768480831478,0.18902599813798948,6.372876508652216,0.7142857142857143,37.81153154373169,23.483630452837264
chronos_finetune,Chronos_ft[bolt_small],3,PEDIATRICS,0.5824989944288593,0.5544192044166364,21.620040069314463,7.6368778092520575,9.863245786058945,23.386806760111362,0.24189056668962752,-7.168633039789339,0.16299880211400292,5.97274182032025,0.6785714285714286,35.28048515319824,21.551199640546525
chronos_finetune,Chronos_ft[bolt_small],4,CARDIOLOGY,0.8972515304144876,0.9599510772144818,25.165505953809745,9.546577726091657,13.326781413358342,30.887991766671146,0.2804205758231027,-15.062699640923105,0.18666713908529914,7.693352803729829,0.7142857142857143,49.72912672587803,24.10915735789708
chronos_finetune,Chronos_ft[bolt_small],4,ELECTIVE_SURGERY,0.7364161430843292,0.7576326086229974,36.43722453190851,6.429902144840786,9.620703829066636,50.468501144843636,-1.888979707445417,-40.999815959601044,0.18962018873082404,5.33645388285319,0.8571428571428571,35.04976511001587,25.511000156402588
chronos_finetune,Chronos_ft[bolt_small],4,EMERGENCY,1.205018379038073,1.0870144704194253,21.780018966463018,34.90356717790876,41.761872977115175,25.522427174048946,-24.233722686767578,-19.874191187534628,0.1792391983548428,27.794878544883126,0.5357142857142857,167.5228146144322,76.03751318795341
chronos_finetune,Chronos_ft[bolt_small],4,ONCOLOGY,0.9340761312326358,0.8381843178677566,34.22242499050534,6.312681674957275,7.9605010581766,39.709143516516235,-0.48124987738473074,-17.899753523641458,0.2422218337727054,4.7752304372333345,0.6785714285714286,24.295797961098806,16.45030185154506
chronos_finetune,Chronos_ft[bolt_small],4,ORTHOPEDICS,0.5453766381918618,0.5419046198262997,22.297569742541263,4.686983108520508,6.2094915339725265,30.702582043719005,-3.161369732448033,-24.953511951738886,0.1465682818123336,3.8997632125067323,0.8214285714285714,24.16108444758824,19.08288655962263
chronos_finetune,Chronos_ft[bolt_small],4,PEDIATRICS,0.8372516365795807,0.7687221269046005,21.972840090564365,10.93925496510097,13.60436229624104,23.644871559566003,-2.2746190343584334,-10.17941349548005,0.17063037374534482,8.525424745347765,0.75,49.45078141348703,29.15604564121791
chronos_finetune,Chronos_ft[bolt_small],5,CARDIOLOGY,0.8309995472465813,0.8248538025241745,20.469065282646607,8.901268141610283,11.583801718742372,22.736422523281576,-3.7156569617135182,-11.499338260842702,0.16122448200863754,6.840524450937908,0.75,37.88919074194772,29.78804349899292
chronos_finetune,Chronos_ft[bolt_small],5,ELECTIVE_SURGERY,1.0545389654176907,0.9986929099042051,65.15910561945414,9.213179247719902,12.76612292527461,73.95630894349206,-3.477675233568464,-58.656665139209764,0.3053405925852608,7.349984264373778,0.7142857142857143,44.528473785945344,23.827174391065324
chronos_finetune,Chronos_ft[bolt_small],5,EMERGENCY,0.8441452129767198,0.7835615410149535,12.93485539847808,24.62648609706334,30.222488003338473,14.191811601236287,-10.604974474225726,-7.915272915935949,0.09920324761883106,19.27377382308718,0.9285714285714286,112.56662968226841,93.84405190604073
chronos_finetune,Chronos_ft[bolt_small],5,ONCOLOGY,0.8126714740141068,0.7800930314459795,40.31150228796791,5.522704499108451,7.464732665763375,57.9763553680808,-3.0007743494851247,-38.35467810102477,0.2750290703803948,4.272773057695419,0.8214285714285714,25.95144775935582,15.60981811795916
chronos_finetune,Chronos_ft[bolt_small],5,ORTHOPEDICS,0.5170706398507553,0.47049500324087146,23.045591190794323,4.424382754734585,5.362131000743598,27.38880414818291,0.9572383335658482,-6.230990685602538,0.14531379437603395,3.331837713907635,0.8214285714285714,19.31210276058742,14.729084593909127
chronos_finetune,Chronos_ft[bolt_small],5,PEDIATRICS,1.4794927624175258,1.2927560848827095,32.67827068483579,19.433917999267578,22.946541686257362,43.87699197646924,-15.938546589442662,-39.41393599135138,0.27543467504680913,15.463689613342284,0.5,98.80965559823173,38.24493598937988
chronos_finetune,Chronos_ft[bolt_small],6,CARDIOLOGY,0.7704741631529117,0.8215164915801089,17.49509493113078,8.252279349735804,11.55745037218368,18.867179560275314,-0.6850051198686872,-3.98898227945944,0.13629370866514082,6.668656459687247,0.7857142857142857,41.41846363885062,30.916193349020823
chronos_finetune,Chronos_ft[bolt_small],6,ELECTIVE_SURGERY,0.6167474889380127,0.6227787870758534,59.88962254676272,5.499573980058942,8.107584677963178,44.364207168183306,1.920708111354283,4.962959173766629,0.18442360446227724,4.412993392490205,0.8928571428571429,27.315587214061193,21.08907757486616
chronos_finetune,Chronos_ft[bolt_small],6,EMERGENCY,2.0627656409278434,1.7446150211502447,27.053509601176053,60.62509046282087,67.77045941133717,33.04310880236619,-60.384293692452566,-32.94522393636282,0.2405385484793416,48.124891020759705,0.39285714285714285,289.35953194754467,106.38301086425781
chronos_finetune,Chronos_ft[bolt_small],6,ONCOLOGY,0.7591976779457884,0.7267272107241516,44.47957134320255,5.193455934524536,6.976661132806417,42.94412545907398,1.7716852937425887,4.503280471666558,0.22565570572747123,4.029566173704844,0.7857142857142857,24.21049325806754,14.610191447394234
chronos_finetune,Chronos_ft[bolt_small],6,ORTHOPEDICS,0.5396944978454862,0.5512506129808656,23.744240540432273,4.567819595336914,6.22814124007391,26.861992818432757,1.4555519648960658,-3.260342256362507,0.16743369439008052,3.67158172698248,0.8214285714285714,22.14821900640215,13.251592942646571
chronos_finetune,Chronos_ft[bolt_small],6,PEDIATRICS,1.651393005529501,1.368518604776247,29.448182931628843,21.857221467154368,24.431905623089218,36.62785068427663,-15.757805824279785,-30.253253082122406,0.2374200357789325,16.424378903706867,0.5714285714285714,89.48072624206543,45.09448514665876
high_quality,WeightedEnsemble,1,CARDIOLOGY,0.5702902805699384,0.526719135330757,18.30195228597584,6.13944422567963,7.3869040289677645,18.815026470717555,0.46110385246377705,-1.2886672907848404,0.1432505061623666,4.809124135450877,1.0,29.807033576341833,29.807033576341833
high_quality,WeightedEnsemble,1,ELECTIVE_SURGERY,0.8964296781738396,0.8641478601429086,29.10926032048628,7.848869625183325,11.015527787966567,26.581891151871357,7.430388889339551,12.656632050759534,0.191975396065752,6.2117753155561175,0.8214285714285714,34.63544104434761,28.635104804657242
high_quality,WeightedEnsemble,1,EMERGENCY,0.402631340308097,0.37396675661024986,12.255628823901839,11.96658814142621,14.694102154569482,12.770117501407194,-1.002723123661424,-3.346203212045782,0.12198876857636695,12.089958314264939,1.0,100.2857805230132,100.2857805230132
high_quality,WeightedEnsemble,1,ONCOLOGY,0.6640902898220703,0.6351721724502414,22.93688011538256,4.477021291536628,6.021663588519265,24.95403608764601,0.7023867263838098,-6.7885931703635976,0.1747520067195224,3.513763563681825,0.9642857142857143,18.373352466839986,18.248015359903526
high_quality,WeightedEnsemble,1,ORTHOPEDICS,0.9961483816201993,0.9313340104491006,21.77210890652488,8.270951872149473,10.363220317399671,22.03484211832725,2.233760122899656,0.4888784297077342,0.1599197660451929,6.413924902455417,0.8571428571428571,36.5563633845759,29.807193498065224
high_quality,WeightedEnsemble,1,PEDIATRICS,0.378372495354414,0.33319354455686256,24.02942277292638,5.0885143620627264,6.0527812339155,22.39256781745416,3.1367295911072426,9.561653287605722,0.17261920981144574,3.920922051431411,0.9285714285714286,23.56415986140072,22.092516642888288
high_quality,WeightedEnsemble,2,CARDIOLOGY,0.6076645845100475,0.6020968372732992,19.117425721377728,6.519107623705788,8.416679770118398,19.887728421239387,-0.15712479876462776,-4.328693064932472,0.155604371178077,5.140501547847187,0.9642857142857143,31.138414043349663,29.860376727638727
high_quality,WeightedEnsemble,2,ELECTIVE_SURGERY,1.0145366526429997,0.9065042026491914,48.63742861922665,8.834700629548736,11.479755219596885,44.25531750278804,0.9506324708225239,-14.21402324322321,0.22881689297383842,6.8563347573232285,0.8214285714285714,40.664775999219714,31.567751995312697
high_quality,WeightedEnsemble,2,EMERGENCY,0.7729680164517325,0.7256353094058227,19.779159508110652,22.646578218571097,28.182102657916282,18.055750341884817,17.103834414608265,11.27659747140215,0.14997333426020798,17.680784871176662,0.8928571428571429,103.58704529231113,96.06273503765293
high_quality,WeightedEnsemble,2,ONCOLOGY,0.7976590829620408,0.7813291290800621,38.18912470374195,5.338180016745966,7.372091446148877,40.147744442632565,1.2666013970892267,-16.58156866436194,0.20474238211762488,4.241092201007944,0.75,24.898466790550295,18.96526917581843
high_quality,WeightedEnsemble,2,ORTHOPEDICS,0.9278460065077058,0.9028812142019175,20.63446724394127,7.835361323659383,10.187146406410672,24.15588253731808,-3.4064037200635062,-15.203489172894846,0.18269809418364857,6.2704595896602235,0.8214285714285714,33.51202188274537,29.874020173684613
high_quality,WeightedEnsemble,2,PEDIATRICS,0.4865131993590754,0.4742173214091553,22.395431835121844,6.422076763299407,8.499341309665079,22.468988631571342,1.664049377517094,-1.9566014849293674,0.18441456413469387,5.196538967938338,0.8571428571428571,31.963764588035726,23.242243987401228
high_quality,WeightedEnsemble,3,CARDIOLOGY,0.591408914980158,0.5662834020802271,19.261087593652633,6.313002634931493,7.884688917610206,21.669577523778845,1.162346540304719,-4.57979920568505,0.13731815106970122,5.061154710854703,0.8928571428571429,31.768391526885534,30.957581659783436
high_quality,WeightedEnsemble,3,ELECTIVE_SURGERY,0.6428658706091147,0.6671887472667332,31.096077684320605,5.639058865015469,8.519619987714428,24.15770866276633,2.7117567186160065,2.940323806477369,0.1528081714883787,4.911691226412172,0.9642857142857143,35.86829991181474,32.97298447843467
high_quality,WeightedEnsemble,3,EMERGENCY,0.5979182218626811,0.5591225293766787,13.785879815387284,17.504866837193724,21.671686426485937,14.596544297125583,-6.135686389983648,-7.465013638900986,0.12483334621177934,15.608626610265695,0.9642857142857143,112.46543788745531,110.49046471240094
high_quality,WeightedEnsemble,3,ONCOLOGY,0.7252571335274521,0.6894143298761357,29.72026562674276,4.894928903254882,6.557295636316916,34.48754464617686,1.5830196786336799,-11.195078809136742,0.182741266476606,3.8832519126278777,0.8928571428571429,23.18561529057389,18.622464609792697
high_quality,WeightedEnsemble,3,ORTHOPEDICS,0.8818571576934456,0.8578425953969971,25.73344901423592,7.483600506076107,9.74314164157178,28.449309720504157,2.5379112466933234,-5.830141477287002,0.17219343587542155,5.805378695228499,0.8928571428571429,34.045356839791665,27.917743739876155
high_quality,WeightedEnsemble,3,PEDIATRICS,0.6418006012393509,0.605930858682448,23.95271309036072,8.4143540442936,10.779650021018282,24.707244131852864,2.4007892356347798,-1.9288454144715566,0.17399560195146127,6.375695985792831,0.8928571428571429,36.725827453342,29.691888059116447
high_quality,WeightedEnsemble,4,CARDIOLOGY,0.8617209713434227,0.9371871993298635,23.848425990410867,9.168539648333551,13.010755699246966,27.28375133257498,1.9890704312652514,-9.519760955562518,0.18185012438662548,7.4948229836487785,0.8571428571428571,45.80091110671526,32.41487028263957
high_quality,WeightedEnsemble,4,ELECTIVE_SURGERY,0.7413366315425539,0.7747270768510577,38.171604099197296,6.472864618692449,9.837775816288076,43.26824575180845,-1.9032164346919487,-16.127635989833227,0.19943432954669443,5.612651845814115,0.8928571428571429,38.20336196495075,31.50487008267573
high_quality,WeightedEnsemble,4,EMERGENCY,0.939561301359397,0.8314122213830151,17.80849112028413,27.214556699076663,31.941922141681687,17.873187161490247,4.607628958565847,-0.654834530463125,0.1346744542079195,20.884160006099517,0.9642857142857143,124.98444171765618,117.64390396171211
high_quality,WeightedEnsemble,4,ONCOLOGY,0.9374219407517004,0.8297924241257761,34.42992911340881,6.335293354811491,7.880800594222464,39.699903047156155,-0.42071462923256814,-16.124724939736605,0.24141011032549967,4.759227889274135,0.8214285714285714,23.4179590045027,19.068340707897583
high_quality,WeightedEnsemble,4,ORTHOPEDICS,0.49195658824739447,0.4841993865562722,20.225089354356204,4.227889604669399,5.54826787145605,25.401587470923374,-1.863051255544027,-15.48628737206015,0.14250491156832837,3.7916485399430218,0.9642857142857143,26.74474462784057,26.65841955539031
high_quality,WeightedEnsemble,4,PEDIATRICS,0.7735245458691988,0.7113554429630808,20.33516803652516,10.106617723192487,12.589122686556644,20.359127130168407,1.4219143176204943,-2.762085939519186,0.1565069412191794,7.819757527344001,0.9285714285714286,46.020918493755055,39.35503659852336
high_quality,WeightedEnsemble,5,CARDIOLOGY,0.7977961522452656,0.7855824665735648,19.787622672391432,8.54560931712862,11.032296267121872,20.907301696294347,-1.1553747773801206,-5.579684886570722,0.15867758945632066,6.732463438361033,0.8571428571428571,39.96735756660065,35.47821137229695
high_quality,WeightedEnsemble,5,ELECTIVE_SURGERY,0.9976632148514538,0.9207634609401562,64.90353978247579,8.716273488900649,11.76996393074506,64.6685331919664,-4.035969621684186,-47.499097141283926,0.2768905917341008,6.665152101027997,0.8571428571428571,37.046628459780564,29.806303117183017
high_quality,WeightedEnsemble,5,EMERGENCY,0.9811874579915346,0.9153067476769546,15.21745685516222,28.624458116198344,35.3039879486806,14.386075633609979,21.358487583342054,8.58589804018738,0.11545610298942896,22.4314714379462,0.9285714285714286,129.08202687298404,126.37230378340226
high_quality,WeightedEnsemble,5,ONCOLOGY,0.8365460680174064,0.7978555539897411,37.752717239283875,5.684950045965336,7.6347027551166935,54.56713933981392,-3.772046251271768,-40.593462958210466,0.2821161971397852,4.3828766341359495,0.8928571428571429,25.942208227829184,19.162333404174316
high_quality,WeightedEnsemble,5,ORTHOPEDICS,0.46961773521705863,0.4571550052555808,21.205561813341323,4.018345751775006,5.210097894644566,26.46507783968799,-0.3337947309963282,-12.49737182632484,0.15405172603034203,3.5321860039814137,0.9642857142857143,24.78834772965182,24.456379870822182
high_quality,WeightedEnsemble,5,PEDIATRICS,0.9864393505565678,0.9153604307073937,24.114762038723565,12.957401304648664,16.24773344855956,29.78073240648965,-5.422151856952241,-19.687243990769602,0.1854768295574391,10.413199145153369,0.7857142857142857,64.51664005150721,44.632363574073324
high_quality,WeightedEnsemble,6,CARDIOLOGY,0.8203730595302244,0.8360697511736059,19.123201303649328,8.78672898067999,11.762191941256548,18.695031166848803,3.4077216260647654,4.219796488224868,0.14266291567788228,6.980292659953526,0.8571428571428571,41.29343356678815,34.70155870409332
high_quality,WeightedEnsemble,6,ELECTIVE_SURGERY,0.5289765509184851,0.5406882294901099,43.6674073635846,4.716915314080855,7.0388967895836965,34.13444853897943,-0.20747447620939255,-17.339270009000828,0.17942032992657397,4.293272180385877,0.9642857142857143,30.264432266837677,29.11860226868876
high_quality,WeightedEnsemble,6,EMERGENCY,0.9151153858206693,0.8875540243601192,13.64161256386872,26.89542231484065,34.47748830203748,15.450561800772247,-20.23840396618716,-12.676425533466205,0.11552604828841344,23.113461518274715,0.8571428571428571,152.8380296083967,135.24051961679373
high_quality,WeightedEnsemble,6,ONCOLOGY,0.6894880304155294,0.6877289916008446,28.985324988253986,4.716592012022538,6.6022739410358895,35.44118739473877,0.6652040477625282,-12.461998726387847,0.21189394225842031,3.783820397471791,0.8928571428571429,22.656500716002334,19.58122360472964
high_quality,WeightedEnsemble,6,ORTHOPEDICS,0.5055589276179728,0.5365074321493395,21.942668997779588,4.278905909528177,6.061569792560831,26.26530152322159,0.39975259480653,-9.528509238845619,0.17768390293887198,3.8963541573024068,0.8928571428571429,26.20426749020164,23.712272718087693
high_quality,WeightedEnsemble,6,PEDIATRICS,0.943958387645814,0.9758223723354695,18.144184546975964,12.493880902648602,17.42117353946917,18.134654263298202,3.8781890213174184,-0.07687791496746332,0.15059063249909435,10.417644826812351,0.7857142857142857,66.06709402244893,46.15700934537241
