model,window,dept_id,MASE,RMSSE,sMAPE,MAE,RMSE,MAPE,ME,MPE
naive,1,CARDIOLOGY,1.326993732440026,1.290253144623197,42.97440177938019,14.285714285714286,18.094987466936015,77.23080136928007,-11.428571428571429,-71.72508761952749
mean,1,CARDIOLOGY,1.1763055864006617,1.1101285924321573,39.99776453481923,12.663485221674877,15.568854104683153,65.62990769853674,-6.750769704433499,-53.87406737631943
seasonal_naive,1,CARDIOLOGY,0.8360060514372164,0.7755017603130611,31.842686794228786,9.0,10.875923606099589,32.979016783701525,0.2857142857142857,-5.603431387128481
drift,1,CARDIOLOGY,1.351622564334989,1.313948342521569,43.463891577814685,14.550855293573742,18.427297688991565,78.68833491983962,-11.91346894744953,-73.62612761536973
seasonal_mean_4w,1,CARDIOLOGY,0.6402744759023126,0.5871030386878758,23.976674681135876,6.892857142857143,8.233750230432234,22.82210315901621,1.6785714285714286,5.672229954445374
naive,1,ELECTIVE_SURGERY,1.9497502125850341,1.7552814396887217,66.10399582704198,17.071428571428573,22.375049880231714,814.5353461933576,-8.642857142857142,-798.1614508268862
mean,1,ELECTIVE_SURGERY,2.4934670763510143,1.8036250468542263,95.11267027772166,21.832050492610836,22.991298988357823,455.57525282676136,10.131927339901475,-386.8739466806278
seasonal_naive,1,ELECTIVE_SURGERY,0.9218484268707482,0.9455711321617186,34.04945004734013,8.071428571428571,12.053452380364485,26.341151393677816,5.642857142857143,19.39556933310239
drift,1,ELECTIVE_SURGERY,1.935317592179806,1.7713328740932128,65.44470512259777,16.94506087224534,22.579661879953786,826.0075482749942,-9.284173216212054,-811.1938216745381
seasonal_mean_4w,1,ELECTIVE_SURGERY,1.0054674213435375,0.9800694988592862,35.290898876088484,8.803571428571429,12.493212442877018,34.381043436014394,7.75,7.046741294105003
naive,1,EMERGENCY,0.6452878488187004,0.5877782896234087,18.748215780292746,19.178571428571427,23.095299459908656,21.942746368642883,-16.892857142857142,-20.15051197491065
mean,1,EMERGENCY,1.6415827847332212,1.3047827444499693,40.48386404494629,48.789408866995075,51.26822263629485,53.18833111188817,-48.789408866995075,-53.18833111188817
seasonal_naive,1,EMERGENCY,0.5082993669465741,0.5029447985082405,15.069660794480763,15.107142857142858,19.761976477207796,16.703189556716836,-4.892857142857143,-7.453025441764464
drift,1,EMERGENCY,0.6227662465547825,0.5655575764548036,18.18200163574464,18.509207890275853,22.22219129327243,21.129549715116717,-15.751001695176454,-18.94823641169859
seasonal_mean_4w,1,EMERGENCY,0.5281266472175397,0.4905637407686618,15.58695136568681,15.696428571428571,19.275493323314524,17.679625812163067,-12.071428571428571,-14.460155668472957
naive,1,ONCOLOGY,1.7746991694084624,1.643442799942883,64.83279098892537,11.964285714285714,15.580436450882884,329.1852007253792,-8.892857142857142,-320.743779025029
mean,1,ONCOLOGY,1.7101688058887983,1.3668604992439257,71.88234817476796,11.529248768472907,12.958335481120594,204.57319435506443,2.0618842364532024,-161.80794157079131
seasonal_naive,1,ONCOLOGY,0.8105342475208799,0.7941168687532328,32.566099401429405,5.464285714285714,7.528517213141737,48.31581209198204,-1.6071428571428572,-35.36393556867695
drift,1,ONCOLOGY,1.8065191149083617,1.6691610755644797,65.25272344719751,12.178802588996762,15.824255072962398,334.5838928665154,-9.346470950839883,-326.8076511235608
seasonal_mean_4w,1,ONCOLOGY,0.7125284724938454,0.6838867499380258,24.466643873160262,4.803571428571429,6.483495529859976,28.31135322264479,-0.10714285714285714,-12.57028250274094
naive,1,ORTHOPEDICS,2.0087569354929102,1.6957331643506781,46.055553902297234,16.678571428571427,18.868908667056353,55.71600477250658,5.107142857142857,-17.29060103587269
mean,1,ORTHOPEDICS,2.276945936008905,1.9885822011639096,53.01749158674733,18.905326354679804,22.127523787071517,50.27410752040987,12.636237684729066,7.940600609374923
seasonal_naive,1,ORTHOPEDICS,1.1742840329540996,1.092381851839967,25.80986788389388,9.75,12.155245781143218,31.464128105414837,-2.3214285714285716,-17.433735951474034
drift,1,ORTHOPEDICS,1.9874958291670344,1.679831017957134,45.55187814583337,16.50204191709046,18.691960928922775,55.87247726889658,4.653529049160118,-18.675074039976174
seasonal_mean_4w,1,ORTHOPEDICS,1.0904066020288068,1.0013170238477447,25.29377220856241,9.053571428571429,11.141941354308823,26.21196337987862,1.4642857142857142,-1.9966151350228545
naive,1,PEDIATRICS,0.472705358584577,0.4034470122234261,30.41593533061011,6.357142857142857,7.329003050503235,25.99549518650377,5.714285714285714,21.53546117289833
mean,1,PEDIATRICS,1.841176840668672,1.3862536128607692,71.74834729541655,24.76092980295567,25.18263030735062,119.12475831044742,-24.76092980295567,-119.12475831044742
seasonal_naive,1,PEDIATRICS,0.3558568429794007,0.3302880428156384,22.848538019999193,4.785714285714286,6.0,20.09357589688031,3.857142857142857,14.254200673106585
drift,1,PEDIATRICS,0.4960647485091776,0.4237378557156005,32.212137526876056,6.67128987517337,7.697605740189469,27.148984838171824,6.136615811373093,23.43357634467735
seasonal_mean_4w,1,PEDIATRICS,0.3505455468155291,0.3273670847793747,23.007331265702984,4.714285714285714,5.9469379876177815,21.63588233572473,1.75,3.692348228718085
naive,2,CARDIOLOGY,1.5413410133722478,1.4366507054994047,47.70935581720752,16.535714285714285,20.08286405300371,87.27133479612841,-13.964285714285714,-82.91099387918372
mean,2,CARDIOLOGY,1.2059238027799637,1.150310822479694,40.762385532788564,12.93731320980275,16.08013400761049,66.98887754354111,-7.088762701733415,-56.153360950138165
seasonal_naive,2,CARDIOLOGY,0.649160901960234,0.6376928301393517,20.373229861217457,6.964285714285714,8.914274267391917,20.15099360563413,1.4642857142857142,-0.5730223462301438
drift,2,CARDIOLOGY,1.5747010339482148,1.4615285943303933,48.36352996034923,16.893605086013462,20.43063074215506,88.99055156734033,-14.465332834704563,-84.87597619572654
seasonal_mean_4w,2,CARDIOLOGY,0.6258576900949949,0.6194474448640299,19.58870790043928,6.714285714285714,8.659222993845514,20.721077010596247,-0.5357142857142857,-6.981618299889298
naive,2,ELECTIVE_SURGERY,2.292607350297331,1.7659106380840186,81.80458933968539,19.964285714285715,22.36307543378466,467.19851370901705,-3.0357142857142856,-432.84446750331904
mean,2,ELECTIVE_SURGERY,2.4070824188509605,1.8456303525319246,93.10554314527867,20.961147638971905,23.372627077741328,324.9065496347898,7.442319187089061,-263.6577351912628
seasonal_naive,2,ELECTIVE_SURGERY,1.3411137809431615,1.255579263703183,54.464682845637235,11.678571428571429,15.900359384977076,68.2870948770701,-3.0357142857142856,-47.778593248575966
drift,2,ELECTIVE_SURGERY,2.29770923854608,1.7745017864272081,81.58487498760287,20.008713537771133,22.47187170824962,474.33229608034566,-3.5367614061331345,-441.014904979024
seasonal_mean_4w,2,ELECTIVE_SURGERY,1.1175948174526344,1.0230197200217923,49.787980597850996,9.732142857142858,12.95528022523194,52.854587690389685,-2.392857142857143,-30.181114625872908
naive,2,EMERGENCY,1.307978553959348,1.160369107319984,36.456995148556324,38.32142857142857,45.066221116422504,29.785674322621126,37.892857142857146,29.21906793322993
mean,2,EMERGENCY,1.1193050944606444,0.967391768099961,26.041997532613014,32.79363419007772,37.57139952483888,31.947500095073185,-28.57471607890019,-29.588891877423464
seasonal_naive,2,EMERGENCY,0.9276530098444211,0.9082101963708644,25.008982718218203,27.178571428571427,35.27291555044141,22.10382475908635,19.75,13.328531416715991
drift,2,EMERGENCY,1.356117893369841,1.199490819905099,38.14056287706378,39.73182498130143,46.58562363988846,30.893920140120684,39.547830964846675,30.65011465583538
seasonal_mean_4w,2,EMERGENCY,0.8575609624514459,0.8362716084447518,22.499515510173246,25.125,32.478976716815275,20.03885654118141,18.785714285714285,12.303809379414298
naive,2,ONCOLOGY,1.7717569786535303,1.5671513782558828,67.63478269518203,11.857142857142858,14.786576924456083,360.88435329063645,-5.285714285714286,-342.191492890473
mean,2,ONCOLOGY,1.8964529615049022,1.4894873650695812,78.18503758779414,12.69164674237896,14.053791999416307,256.13665995852807,2.608637178720861,-207.92937521890883
seasonal_naive,2,ONCOLOGY,0.9819376026272577,0.9576402676735598,43.7080932151693,6.571428571428571,9.035643703846292,50.78494008249967,1.5714285714285714,-21.61158740853827
drift,2,ONCOLOGY,1.7854142487469802,1.5829685248935916,67.67198650463216,11.948541510845175,14.935816786494284,366.22192524788863,-5.680478683620044,-348.4662456438462
seasonal_mean_4w,2,ONCOLOGY,0.8672003284072249,0.841287331956312,39.74024531148411,5.803571428571429,7.937816360399664,42.248268787530584,0.6071428571428571,-18.656935948224174
naive,2,ORTHOPEDICS,2.3302925237976395,2.034275576814503,52.77877824229559,19.678571428571427,22.95259089016812,98.8932262373981,-16.678571428571427,-94.0475320190959
mean,2,ORTHOPEDICS,1.702635879589678,1.5109764384281672,45.65726637816677,14.37821279139271,17.048242839464333,49.15323239768488,6.480424387328151,-5.930944134470766
seasonal_naive,2,ORTHOPEDICS,1.1545732468180683,1.1627263554478837,24.83184164739621,9.75,13.118961195809021,31.882806931198953,-7.964285714285714,-28.552649185718625
drift,2,ORTHOPEDICS,2.393265623042996,2.08008427577611,53.67299122407696,20.210359012715035,23.46944727799493,101.19561965413617,-17.361817501869858,-96.59817496353698
seasonal_mean_4w,2,ORTHOPEDICS,1.0171240507682981,1.0017830972927733,22.95545837727987,8.589285714285714,11.303049525301947,28.25925216314811,-5.785714285714286,-23.129081418475153
naive,2,PEDIATRICS,0.5275889792334273,0.5552493548230636,24.3612218551507,6.964285714285714,9.951668919619175,22.545889656226297,4.178571428571429,6.426390473153856
mean,2,PEDIATRICS,1.4244902439302534,1.152226934720696,53.43366215144938,18.803571428571427,20.651227912298925,82.7378792717881,-18.571428571428573,-82.27359355750238
seasonal_naive,2,PEDIATRICS,0.6412235286067808,0.6770485233102167,31.40828665606769,8.464285714285714,12.134661099511597,28.208738760266826,4.035714285714286,4.688682034830127
drift,2,PEDIATRICS,0.5389212703701366,0.5644768593695428,24.963239377841028,7.113874345549738,10.117052398957219,22.911746030449635,4.482236350037398,7.558926233298043
seasonal_mean_4w,2,PEDIATRICS,0.584406253920104,0.6200036156885554,27.642045709626135,7.714285714285714,11.112251925561392,24.53789946760035,5.464285714285714,11.023149035148059
naive,3,CARDIOLOGY,2.7301343780392586,2.392670030704298,63.67362091535502,29.142857142857142,33.31451849955426,160.76683445471858,-29.142857142857142,-160.76683445471858
mean,3,CARDIOLOGY,1.1921216847197167,1.1800221915667006,39.127149643713246,12.725319396051102,16.43012643881434,75.29563379906149,-3.0656213704994184,-57.735346217035676
seasonal_naive,3,CARDIOLOGY,0.8431297343944769,0.8506599633736458,24.801413088524278,9.0,11.84422704467093,27.709994631665474,0.14285714285714285,-6.16090008346667
drift,3,CARDIOLOGY,2.8019914843728673,2.437632422168211,64.67235402632508,29.909896817323066,33.94055568938265,163.41992852203944,-29.909896817323066,-163.41992852203944
seasonal_mean_4w,3,CARDIOLOGY,0.6658048299384957,0.7143162648112851,20.85853999100859,7.107142857142857,9.945835452949282,22.980247409588276,3.8214285714285716,0.2642964458694524
naive,3,ELECTIVE_SURGERY,2.9477746291048508,2.5379450707748705,74.25898439470605,25.857142857142858,32.40811185931254,811.5554437193645,-24.857142857142858,-810.0948281742419
mean,3,ELECTIVE_SURGERY,2.407057985273968,1.7874018242234007,90.8044799863354,21.114111498257838,22.824102429957453,330.69411079615605,9.409117305458766,-262.97998335219285
seasonal_naive,3,ELECTIVE_SURGERY,0.8875895982663777,0.8279834237082373,50.779024781392614,7.785714285714286,10.572876348738516,53.044826645953016,2.0,-11.597312640509115
drift,3,ELECTIVE_SURGERY,3.031350384440133,2.5867949797444996,75.15180820867823,26.590248510390932,33.03189735114024,825.164000116034,-25.697936346461272,-823.8606750982964
seasonal_mean_4w,3,ELECTIVE_SURGERY,0.5924049841640273,0.6019356218777058,30.068435167837336,5.196428571428571,7.686374772469604,21.588930711477,2.1785714285714284,6.456317859565905
naive,3,EMERGENCY,0.6575271824633779,0.5991932047439261,15.27524759725097,19.25,23.22483276888893,16.594296189044027,-7.964285714285714,-9.590196894028058
mean,3,EMERGENCY,0.8939203887021913,0.7744615369935783,20.14285495524385,26.17073170731707,30.018263792393036,23.329073399196684,-20.61875725900116,-20.017309887826865
seasonal_naive,3,EMERGENCY,0.852711503788314,0.8255465002798433,21.17634608101357,24.964285714285715,31.998325849063683,18.974869035543502,14.178571428571429,9.017577230172973
drift,3,EMERGENCY,0.6476587584859117,0.5944409795601269,15.058689783135309,18.961088504577823,23.040635694723164,16.293142941011826,-7.138242987937801,-8.927271788107605
seasonal_mean_4w,3,EMERGENCY,0.5794534539334036,0.5791141090484229,13.583910845102157,16.964285714285715,22.44656352954087,12.985154651774403,7.142857142857143,3.2938352823573775
naive,3,ONCOLOGY,1.751521946358161,1.4907065186218347,66.75757370868033,11.821428571428571,14.17870636855543,371.27371505016896,-3.75,-348.3691420926882
mean,3,ONCOLOGY,1.8833926669160752,1.4734147956457182,76.16827978384534,12.711454703832754,14.014237870147426,273.8554910719189,3.0701219512195124,-226.05185296325607
seasonal_naive,3,ONCOLOGY,0.9683640972312492,0.9249238577354542,38.60195596216872,6.535714285714286,8.797321020791337,51.95961253439714,-0.32142857142857145,-29.73376451612276
drift,3,ONCOLOGY,1.7569050664890822,1.50384341993316,66.60692542749025,11.857760499927336,14.30365669510138,377.21413552050836,-4.118769074262461,-355.3562273143509
seasonal_mean_4w,3,ONCOLOGY,0.7937410633043026,0.7475348824570384,30.66355292437387,5.357142857142857,7.11010347523659,34.86257933605659,0.5357142857142857,-11.275270248221561
naive,3,ORTHOPEDICS,2.0621758533349417,1.8373955931907124,60.44433210222911,17.5,20.868636754709208,60.13440719149925,12.714285714285714,5.7515751112987585
mean,3,ORTHOPEDICS,1.800392089375001,1.5407014025612045,51.67911944953272,15.278455284552846,17.498865261610284,69.5020296156174,5.688879210220671,-25.77859142255683
seasonal_naive,3,ORTHOPEDICS,1.1531350690077022,1.1062179716723153,33.05952258676856,9.785714285714286,12.564121252882863,38.1235885047638,3.857142857142857,-8.263232559476622
drift,3,ORTHOPEDICS,2.0531851142563124,1.8264548441921213,60.127584317111186,17.423702950152595,20.74437471907454,60.3826442265171,12.493024269728238,4.742451971427992
seasonal_mean_4w,3,ORTHOPEDICS,0.8101405138101556,0.7535046472869207,24.40995249572067,6.875,8.558099755703449,29.934600629241643,-0.6071428571428571,-15.861880710988189
naive,3,PEDIATRICS,1.0406020320533553,0.9312999595375124,41.152807791550245,13.642857142857142,16.56804152578089,34.7856002494967,11.642857142857142,23.26807657335958
mean,3,PEDIATRICS,0.9479497824237803,0.8537635826080685,32.79731906138107,12.428135888501743,15.188651459702099,46.42730453200466,-9.57868757259001,-41.86672119066908
seasonal_naive,3,PEDIATRICS,0.89894939941782,0.8298039459220041,34.27679029841548,11.785714285714286,14.762403985414144,30.897430141878512,5.928571428571429,9.164248886095114
drift,3,PEDIATRICS,1.0567137858318787,0.9437824939526716,41.94410396012955,13.854090975148962,16.790108698037667,35.24810776078882,11.923121639296614,24.09188323299874
seasonal_mean_4w,3,PEDIATRICS,0.8226749049217627,0.8016702927600488,31.539998201136417,10.785714285714286,14.261899793305439,27.075295646854592,8.464285714285714,15.876658367008975
naive,4,CARDIOLOGY,1.6850476279542022,1.5927460409243106,49.20460051342292,17.928571428571427,22.111729272686283,101.76624960341047,-3.7857142857142856,-80.39925685536832
mean,4,CARDIOLOGY,1.7420181215878527,1.5723574848762756,51.56854290267986,18.5347261434218,21.828679608765274,91.46597557419787,1.3763410502540978,-59.70523582303534
seasonal_naive,4,CARDIOLOGY,1.0607072717799362,1.1814081589916818,28.92988946702201,11.285714285714286,16.401219466856727,32.94184030416455,2.2142857142857144,-9.667157294898034
drift,4,CARDIOLOGY,1.6854593261778588,1.597587747965661,49.14267918548181,17.932951815741138,22.178945584995475,102.60968423614393,-4.23032358343931,-81.99953615252758
seasonal_mean_4w,4,CARDIOLOGY,0.9113355198995337,0.9930287982736201,25.62197424805182,9.696428571428571,13.78599185508868,27.510725896313957,4.357142857142857,-4.002239405190795
naive,4,ELECTIVE_SURGERY,2.8550671550671547,2.437988704911631,79.6722202474567,24.928571428571427,30.958497564135303,606.7927730270484,-23.857142857142858,-604.8990727772431
mean,4,ELECTIVE_SURGERY,2.127178135873788,1.6057619320498802,86.898314363918,18.57312252964427,20.390568980814578,266.40571115435733,5.148785996612084,-211.7019121223481
seasonal_naive,4,ELECTIVE_SURGERY,1.137118437118437,1.3385884039147222,41.67256897917837,9.928571428571429,16.997899029838113,64.89286546021971,-4.428571428571429,-40.35949326707126
drift,4,ELECTIVE_SURGERY,2.917575533599273,2.479283688254692,80.33050673163471,25.474353539635445,31.482876794712375,614.4113546269595,-24.602939098488065,-612.8827288969626
seasonal_mean_4w,4,ELECTIVE_SURGERY,0.7955738705738705,0.8872203801746321,39.233054783382265,6.946428571428571,11.266258093465257,52.55300134858808,-4.0,-34.599776429189696
naive,4,EMERGENCY,1.6966187368111108,1.491291182182542,35.545862929974895,49.142857142857146,57.29372940009603,29.08356557922635,49.07142857142857,29.015538368341996
mean,4,EMERGENCY,0.9241344747362027,0.8124658198930318,17.511042630507788,26.7677159796725,31.21402271262183,17.1051093149735,9.987436476566918,2.8423672620237643
seasonal_naive,4,EMERGENCY,1.2132796780684105,1.1144318430895348,24.10264501577383,35.142857142857146,42.81521758840958,21.42074167833062,25.5,12.962449024665796
drift,4,EMERGENCY,1.7375141054039367,1.5170889712872497,36.62703462995423,50.32739861523243,58.28485143296603,29.88457082643633,50.26183411049879,29.82212844097572
seasonal_mean_4w,4,EMERGENCY,1.1392992098935073,1.0849561467565911,22.45727151212833,33.0,41.68279449776439,19.393289040516702,30.035714285714285,16.97400384174798
naive,4,ONCOLOGY,2.3780603230691573,2.0076777223678817,76.15841418010774,16.071428571428573,19.067549097129096,418.1126022264169,-13.285714285714286,-411.07696942666456
mean,4,ONCOLOGY,1.7255715363143536,1.4481590725638234,70.56256902619748,11.661773009599093,13.753623855524323,220.0512009381521,1.4494635798983626,-182.87060435029548
seasonal_naive,4,ONCOLOGY,0.9300858152448259,0.9026986567315057,36.02305027895267,6.285714285714286,8.573214099741124,34.30209863616277,2.7142857142857144,6.592725762344803
drift,4,ONCOLOGY,2.4108341184876503,2.0391600528694056,76.51678854798902,16.292920729122507,19.3665467279948,423.25496139592406,-13.759008054260278,-416.87912709652625
seasonal_mean_4w,4,ONCOLOGY,0.9142320797576983,0.8719648892606745,33.44342379587826,6.178571428571429,8.281325808278355,40.16428661380851,-1.5357142857142858,-20.402390382850808
naive,4,ORTHOPEDICS,1.1594427628640895,1.1923782582539162,39.69517259597314,9.964285714285714,13.663036684008844,89.02137775615556,-8.392857142857142,-84.98318484601143
mean,4,ORTHOPEDICS,1.089912662205276,0.950891616387793,39.56380295991009,9.366741953698476,10.89592748550119,70.39971433918252,-1.5756634669678147,-48.95272204949439
seasonal_naive,4,ORTHOPEDICS,0.9017888155609587,0.838528971420089,37.03135765583293,7.75,9.60840405954228,43.80172153712867,-2.392857142857143,-18.698139563798797
drift,4,ORTHOPEDICS,1.1897206572489982,1.216923020051591,40.33323493868825,10.224494842447362,13.944286344945281,90.80728530521705,-8.808781969761199,-87.17810970030504
seasonal_mean_4w,4,ORTHOPEDICS,1.0264600803850543,1.0048281246643354,32.54426286702238,8.821428571428571,11.513966674062791,44.997338730988886,-7.107142857142857,-35.941757602140946
naive,4,PEDIATRICS,1.8341411273213877,1.5659644574680807,58.653300246823406,23.964285714285715,27.71345727775072,43.92101268771452,23.964285714285715,43.92101268771452
mean,4,PEDIATRICS,0.8501011782368877,0.8184746120251382,22.07738715580513,11.107142857142858,14.48485058847168,21.531346180773156,4.007763975155277,0.8771077105589427
seasonal_naive,4,PEDIATRICS,1.2765184895068376,1.1966168785716083,37.12629103985872,16.678571428571427,21.176975367466568,31.5600206972826,9.535714285714286,15.172887998477574
drift,4,PEDIATRICS,1.8538997929657155,1.5799386038482914,59.53629796142129,24.222445951674437,27.960762960107754,44.4525447933262,24.222445951674437,44.4525447933262
seasonal_mean_4w,4,PEDIATRICS,1.1261790528411502,1.0621531864060076,32.50009016243378,14.714285714285714,18.797321237726553,26.730614214100534,13.321428571428571,22.71945672080018
naive,5,CARDIOLOGY,1.6737654121748111,1.6101179622124697,43.83733992181797,17.928571428571427,22.611627855723132,79.81870782232133,-11.571428571428571,-70.83010383334194
mean,5,CARDIOLOGY,1.54206474727261,1.3952104472331972,42.81159938860343,16.517857142857142,19.593582677572194,56.87787558342083,2.5535714285714284,-26.145377599157587
seasonal_naive,5,CARDIOLOGY,1.0269317668323543,1.0846006445999836,26.952685109819917,11.0,15.231546211727817,24.808821325557354,4.857142857142857,8.768730014307579
drift,5,CARDIOLOGY,1.6860881312748333,1.6274889649429143,43.99770990087144,18.060566478757046,22.85557684482815,80.87477803031832,-12.129657637838582,-72.56073739445334
seasonal_mean_4w,5,CARDIOLOGY,0.9835872442063135,0.9929465042158412,26.31968262540617,10.535714285714286,13.944404919946516,25.91141126339392,1.2142857142857142,1.377210885312373
naive,5,ELECTIVE_SURGERY,3.482849228333993,2.7286918898561026,95.8396593042286,30.428571428571427,34.88040792684135,653.005524247104,-28.928571428571427,-650.1731765100952
mean,5,ELECTIVE_SURGERY,1.9202052144531367,1.5263095263566988,87.36715839133248,16.776236263736262,19.51055709142493,273.5243727905336,0.938736263736262,-227.4250050885318
seasonal_naive,5,ELECTIVE_SURGERY,1.3081123862287298,1.1963224822509588,70.384177765612,11.428571428571429,15.292388396098984,85.32592228775529,-7.071428571428571,-57.94082430204634
drift,5,ELECTIVE_SURGERY,3.5454063353510663,2.7750485992181013,96.38902590566347,30.975113433246246,35.47297791933611,659.8274780243119,-29.66822494156469,-657.3777136493036
seasonal_mean_4w,5,ELECTIVE_SURGERY,1.1282469331222795,1.073704015678033,66.03085882395109,9.857142857142858,13.724977231310804,68.24389937506292,-4.071428571428571,-49.438793304516615
naive,5,EMERGENCY,2.1276807046152677,1.7754001212096113,36.47692682035542,62.07142857142857,68.47835945965495,30.37234048852388,60.285714285714285,28.734070501630043
mean,5,EMERGENCY,1.779430017984404,1.5226879536340745,29.4453353369136,51.91181318681317,58.731083651610184,25.351545715809564,48.932829670329646,22.696205765785795
seasonal_naive,5,EMERGENCY,1.8852867002920095,1.7416813072715571,32.56625454297454,55.0,67.1778024562961,26.522950639298276,52.714285714285715,25.075714516825894
drift,5,EMERGENCY,2.1526951644775227,1.7947369171738907,36.99876151570996,62.801182455657916,69.22419249696361,30.731337892298434,61.05327925202805,29.12775697153709
seasonal_mean_4w,5,EMERGENCY,1.4133529191474836,1.2883482762609664,22.94227212535264,41.232142857142854,49.69244696847083,20.02495618070109,39.214285714285715,18.197953703409596
naive,5,ONCOLOGY,2.0758801383801386,1.7740382584243508,77.57582005045526,14.107142857142858,16.975823144359495,389.55064771254297,-13.464285714285714,-387.5543744965117
mean,5,ONCOLOGY,1.3570232616386462,1.11850395950388,67.07368513686473,9.221978021978021,10.702996574418787,230.75002488611779,-2.7681318681318694,-207.72828491099463
seasonal_naive,5,ONCOLOGY,1.0037800162800163,0.9584039158086772,43.446646836644106,6.821428571428571,9.170994649281116,66.96603629102354,-2.3214285714285716,-49.72195209342948
drift,5,ONCOLOGY,2.123406288841804,1.8084717738479206,78.3408070199107,14.430118245565792,17.305318444302046,395.9733169147054,-13.86900178743297,-394.23244070730783
seasonal_mean_4w,5,ONCOLOGY,0.988013838013838,0.9598272384154486,41.3300969247064,6.714285714285714,9.18461446426266,62.77809047442901,-4.178571428571429,-47.67391288603036
naive,5,ORTHOPEDICS,1.2271184523136103,1.217624902767255,45.13581103646854,10.5,13.877010793806733,98.56575929657394,-10.071428571428571,-97.35227390241627
mean,5,ORTHOPEDICS,0.9635063106934926,0.9543580648006902,39.309034135170606,8.244368131868132,10.876614905212037,77.47996511834125,-5.2118131868131865,-68.28996643438563
seasonal_naive,5,ORTHOPEDICS,0.5926898647229001,0.5904705021922464,26.753027587932937,5.071428571428571,6.729466121893644,34.69133119488235,-1.2142857142857142,-22.038270108302697
drift,5,ORTHOPEDICS,1.2616101437999443,1.2432705634836843,45.90575086145216,10.795132682524402,14.169288908164766,100.51350793681499,-10.448233191255326,-99.53500874117907
seasonal_mean_4w,5,ORTHOPEDICS,0.642776332164272,0.6294089208444198,26.90585967105662,5.5,7.1732389576018685,37.81327215539176,-3.6785714285714284,-29.31893036273064
naive,5,PEDIATRICS,1.2778865691755366,1.1034760394602248,32.05603221478821,16.785714285714285,19.586803137389655,29.892101850358564,11.142857142857142,11.17214227190788
mean,5,PEDIATRICS,1.2315814813824986,1.0704975683796678,30.756707757047153,16.17747252747253,19.00143218439376,29.247516677093692,10.078434065934065,9.071021791031857
seasonal_naive,5,PEDIATRICS,1.3703294273712137,1.185102697437836,32.59085329965658,18.0,21.03568396796263,32.55707458966563,2.2857142857142856,-3.6946971489992437
drift,5,PEDIATRICS,1.277221889166996,1.1030225024088445,32.03717834199202,16.776983363123882,19.57875281221427,29.88135532493577,11.128901416196893,11.145163780847742
seasonal_mean_4w,5,PEDIATRICS,1.0658117768442774,0.9865280832341956,26.34974776716568,14.0,17.510965951980733,26.94644999773466,6.178571428571429,1.9256370002708296
naive,6,CARDIOLOGY,1.7405905868155076,1.5569616131823827,42.25166620156106,18.642857142857142,21.904011374305718,62.35799616973169,-1.0714285714285714,-37.58784674160895
mean,6,CARDIOLOGY,1.9559320672096976,1.6811806349571985,48.04389077909824,20.949304440877476,23.65157845805627,54.57947478283606,8.986623863028354,-9.910531204186423
seasonal_naive,6,CARDIOLOGY,0.7936026047166491,0.7539291063507118,19.798005181843692,8.5,10.606601717798213,17.875522403766585,6.357142857142857,11.935246573939565
drift,6,CARDIOLOGY,1.7381155202149878,1.560176994517905,42.154177447545365,18.616347569955817,21.94924675374584,62.901568219796665,-1.560650689516669,-38.93108071799583
seasonal_mean_4w,6,CARDIOLOGY,0.8502885050535526,0.828614566729345,19.529462335810404,9.107142857142858,11.657309172483037,18.064753267910614,6.5,9.969995203394484
naive,6,ELECTIVE_SURGERY,1.5940552946683377,1.3966094469158472,71.72966955175548,14.214285714285714,18.181623375579765,402.15405404773526,-7.071428571428571,-383.69109056949867
mean,6,ELECTIVE_SURGERY,1.6691183693537532,1.2880122616687952,81.56772553052775,14.883627608346709,16.76786154963034,306.69275135618904,0.7712680577849105,-261.32197813111156
seasonal_naive,6,ELECTIVE_SURGERY,1.3297144669092669,1.316291384152702,82.22003040620041,11.857142857142858,17.136010537545115,62.942004735936216,1.6428571428571428,14.71953238656287
drift,6,ELECTIVE_SURGERY,1.6061571212096926,1.4114445397515598,71.72652613348079,14.32219842013657,18.374752579507412,408.16814559198036,-7.492703173115544,-390.6343711100398
seasonal_mean_4w,6,ELECTIVE_SURGERY,0.7569760067646127,0.7704033811853224,51.16144982742401,6.75,10.029421005934775,38.97394456352736,-0.14285714285714285,-9.212591552420518
naive,6,EMERGENCY,1.0037360100054518,0.8849165036842778,15.140531907422043,29.5,34.37503246751714,14.879063323400793,13.071428571428571,3.85547787210797
mean,6,EMERGENCY,1.8625519502255854,1.60065801368485,30.250463975410124,54.74077046548956,62.178376107492404,25.582003628504108,53.4356607811664,24.608418069244387
seasonal_naive,6,EMERGENCY,1.1641393433235143,1.078312660363033,17.24820980053375,34.214285714285715,41.887604712748,18.706584906721314,-8.5,-7.397116836240876
drift,6,EMERGENCY,1.0041778924663833,0.8853369308408093,15.147406838287752,29.51298701298702,34.391364174628286,14.883825906174028,13.098607577989027,3.868872031733211
seasonal_mean_4w,6,EMERGENCY,0.9441923483949588,0.8355081319214092,14.243591889711011,27.75,32.455739091877106,14.348536968326428,5.785714285714286,0.5066210575078406
naive,6,ONCOLOGY,1.4513935361965122,1.1980646825814925,67.31038523498036,9.928571428571429,11.501552690211625,171.69192174214697,0.8571428571428571,-134.83869050275098
mean,6,ONCOLOGY,1.4256804100668756,1.195368564173789,65.43061860628602,9.75267522739433,11.475669657036459,183.0925145382039,-0.3741305510968443,-151.84755137580217
seasonal_naive,6,ONCOLOGY,0.9084261701373854,0.9771587575737466,39.041632884464505,6.214285714285714,9.38083151964686,37.77356284180727,5.142857142857143,4.797372365616791
drift,6,ONCOLOGY,1.4470681166918236,1.1963342186724881,66.9822399628189,9.89898246083813,11.484940046405917,173.74405864953297,0.6261213013790334,-137.914718263294
seasonal_mean_4w,6,ONCOLOGY,0.730917608156517,0.7677946339084303,31.12753039353933,5.0,7.370912911088907,35.145313617404085,2.3214285714285716,-3.9895771810205463
naive,6,ORTHOPEDICS,1.0802418071905822,1.0384066771824383,42.84861323275433,9.142857142857142,11.732129267224137,83.01445963460836,-7.071428571428571,-77.109882293305
mean,6,ORTHOPEDICS,1.0129795598327418,0.987767290182547,41.14377107955539,8.573568753344034,11.15999520130332,78.19954987575444,-6.075173889780631,-71.02551852086292
seasonal_naive,6,ORTHOPEDICS,0.8692570792236717,0.8529003466034113,37.17182946339716,7.357142857142857,9.636241116594315,33.63480231018101,3.642857142857143,7.73969543293128
drift,6,ORTHOPEDICS,1.1027995745443455,1.0556131368661572,43.404081748650476,9.333779622439417,11.926531338856043,84.62365812878737,-7.383987146873745,-79.08355492922567
seasonal_mean_4w,6,ORTHOPEDICS,0.6751511294941139,0.6421852979122827,27.882443618038888,5.714285714285714,7.255539755445982,34.81975763841504,-1.0,-17.352284274698306
naive,6,PEDIATRICS,1.0388627786085594,1.0062977214349274,19.94284270086278,13.75,17.96524422322168,22.32571763495869,-1.8214285714285714,-10.028719624969485
mean,6,PEDIATRICS,1.8432727375183,1.6249262083543192,39.55898469735093,24.396869983948623,29.009502412638295,32.56578106111179,22.84991974317816,28.20447567753514
seasonal_naive,6,PEDIATRICS,1.4490112002929776,1.4241037767393088,29.83569046987413,19.178571428571427,25.424257258430522,25.619133268764426,11.892857142857142,11.425549569612398
drift,6,PEDIATRICS,1.049104856173682,1.01165296452234,20.127286099543255,13.885560315972684,18.060850372267613,22.64647796821003,-2.188345159994644,-10.62393144918182
seasonal_mean_4w,6,PEDIATRICS,1.4490112002929776,1.3308594906876199,29.298528531613023,19.178571428571427,23.759584532202098,26.206286904624974,13.035714285714286,13.66230098393599
