model,score_val,pred_time_val,fit_time_marginal,fit_order,trial
WeightedEnsemble,-0.7029414277170897,0.9801190707366914,0.45823274995200336,11,high_quality
Toto2,-0.7079112748652099,0.03965020179748535,1.3755826950073242,8,high_quality
Chronos2SmallFineTuned,-0.7163167806356231,0.8974041938781738,138.32791471481323,6,high_quality
Chronos2,-0.7473458925633198,2.017183303833008,6.688775539398193,5,high_quality
DirectTabular,-0.7986772970950867,0.042320966720581055,9.233251094818115,3,high_quality
DynamicOptimizedTheta,-0.8421074607539599,0.72218918800354,3.4000279903411865,4,high_quality
AutoETS,-0.8499917836503327,0.24344110488891602,1.4381837844848633,7,high_quality
RecursiveTabular,-0.9332933624890402,0.1166532039642334,19.95243263244629,2,high_quality
SeasonalNaive,-1.0150850985921644,0.018639087677001953,4.007830619812012,1,high_quality
DeepAR,-1.3373164738386638,0.1607358455657959,218.72422623634338,10,high_quality
TemporalFusionTransformer,-1.655383500048977,0.027307987213134766,228.15592503547668,9,high_quality
